filename, 0
IMG_20180723_152213_jpg.rf.86f87eaca29507547ae2abd24e136dc9.jpg, 1
IMG_20180723_150532_jpg.rf.85c74290966449ec018d5643156a16c5.jpg, 1
IMG_20180714_102644_jpg.rf.857398b7c4be04e0d8f8a40ac843bb03.jpg, 1
IMG_20180723_123906_jpg.rf.88654364e1a02e57591e9a03e5d0f472.jpg, 1
IMG_20180810_090257_jpg.rf.853e4f2dd20ab87c8996c90dcbfd92dc.jpg, 1
IMG_20180720_142814_jpg.rf.874f598b4d6f44987b758c03ced58d3b.jpg, 1
IMG_1233_jpg.rf.85bf8b2b325c4a1d0d7ec07f1f29b135.jpg, 1
IMG_20180719_142232_jpg.rf.8580044d125ae3b8a9123f7d8f014eb2.jpg, 1
IMG_1246_jpg.rf.87150992c2f9bc22632e55e333bac746.jpg, 1
IMG_0078_JPG_jpg.rf.877ac0ab1b47cfa2d9ef16ef441ca7e3.jpg, 1
IMG_20180810_092723_jpg.rf.861a861dd4b36bf5d3686da26f60d19e.jpg, 1
IMG_20180719_144000_jpg.rf.879f7e514b0f4b38af2c6f348b281dd0.jpg, 1
IMG_20180724_121334_jpg.rf.8758a98bf42e43ae8fa145c759b802b3.jpg, 1
IMG_20180723_124712_jpg.rf.875f78c94d7dd035f0cae85295e98872.jpg, 1
IMG_20180714_102627_jpg.rf.8882f50d9c053d158db39988b0ba5f56.jpg, 1
IMG_20180724_123610_jpg.rf.886cac2184510626bfc9587473e686f8.jpg, 1
IMG_20180724_121432_jpg.rf.85ae9e1e13b9816719d62a1a83a8b2c7.jpg, 1
IMG_20180726_122342_jpg.rf.86d6822632176c1be232e25daf14819c.jpg, 1
IMG_20180725_122016_jpg.rf.88ad65d7a6f32a6c0f18e556642d253b.jpg, 1
IMG_20180717_095822_jpg.rf.88742a5156044d5f5d7fea8bcdf9234c.jpg, 1
IMG_20180723_123611_jpg.rf.854bacb35ab76c86a794fa405a9d586e.jpg, 1
IMG_20180719_123622_jpg.rf.88bc8111499bb4844d76ea9160ec28e2.jpg, 1
IMG_20180723_124259_jpg.rf.87888f9bcc2745c922f2454cc37465f0.jpg, 1
IMG_20180717_121303_jpg.rf.88f02e1fdd75109a4af1aa320c8d854e.jpg, 1
IMG_20180720_142104_jpg.rf.86af18d9069b4be216a1b1f2ea80cfcd.jpg, 1
IMG_20180721_091732_jpg.rf.877e61ffa19cfe2f2a7e0f1a41dad305.jpg, 1
IMG_20180811_084135_jpg.rf.8868f10b1ea5328b7e2db9d59928b6a3.jpg, 1
IMG_20180723_123939_jpg.rf.88cf4aad88c8007b99a972ac124b1d0f.jpg, 1
IMG_20180724_122617_jpg.rf.88e5d12f49c275f7aabf82e399597175.jpg, 1
IMG_20180811_083828_jpg.rf.89d94853135c46480526b82f3549f90a.jpg, 1
IMG_20100101_032553_jpg.rf.89e322453f3b62267e1f0e63e478633c.jpg, 1
IMG_20180720_141749_jpg.rf.8918a7b9db864adbe0d2e60ae14d2aa5.jpg, 1
IMG_20180811_083849_jpg.rf.89ec8e941731b847f8329910ca10f7f5.jpg, 1
IMG_20180811_083535_jpg.rf.89f9f21d8deb51c0fd5bebfee99034ec.jpg, 1
IMG_20180724_121905_jpg.rf.8a4f0a996c3cbec893238020048b4d75.jpg, 1
IMG_20100101_032532_jpg.rf.8ac8a88c0b7c844ef55436bc4c80d818.jpg, 1
IMG_20180811_083459_jpg.rf.8ab7f0a91b771549a2ca79316740cc05.jpg, 1
IMG_20180724_123530_jpg.rf.8aeeb59088c17768020d3b435ad61097.jpg, 1
IMG_20100101_033353_jpg.rf.8aee2b8c2891b04f4364afd42408c0b4.jpg, 1
IMG_20180725_121946_jpg.rf.8a82a7bf5c33cdd25f6d035ca96e1f9a.jpg, 1
IMG_20180723_124643_jpg.rf.8b9e57e0b4799da3ef0283510b104f1b.jpg, 1
IMG_20180714_102644_jpg.rf.8bab8fbefc4a0c4f2259d9cacc003a37.jpg, 1
IMG_20180811_083942_jpg.rf.8b74b9b96591ce4150687a84c9affe8a.jpg, 1
IMG_20180720_143014_jpg.rf.8bf2420051995c5de577966bc2853feb.jpg, 1
IMG_20180720_142625_jpg.rf.8bd8ecb600167a86c84a6b3867006954.jpg, 1
IMG_20180721_091504_jpg.rf.8c20b0de5dca22f9bab1cbc3b0932bce.jpg, 1
IMG_0212_JPG_jpg.rf.8c21e4e23e7d5a20929bc4457bafc00e.jpg, 1
IMG_20180725_114019_jpg.rf.8bfa865c0f1a227439d6ee469849355a.jpg, 1
IMG_20180719_124517_jpg.rf.8c98f432043994beadbf0b29443d8e66.jpg, 1
IMG_1252_jpg.rf.8c412f5324668bd75bc9ebd2473134ae.jpg, 1
IMG_20180717_122754_jpg.rf.8c402173c08501b50475d6648b750d38.jpg, 1
IMG_20180810_090804_jpg.rf.8c993a2fa828428bb25e869a223330e0.jpg, 1
IMG_0037_JPG_jpg.rf.8cd270ac62ca68b90586b190dbd65097.jpg, 1
IMG_20180717_120802_jpg.rf.8c604942bd05b287005517e3b96a11db.jpg, 1
IMG_20180720_141721_jpg.rf.8d6200d7a131feeee79866f5721bba3f.jpg, 1
IMG_20100101_032744_jpg.rf.8ccabdd087be0c2c62d852f8c2ca1793.jpg, 1
IMG_20180723_151713_jpg.rf.8d69d1802509efb239b14e16251b5179.jpg, 1
IMG_1294_jpg.rf.8d6335722667d1abf83fb6dfa9d35e32.jpg, 1
IMG_20180724_124810_jpg.rf.8d70f27ce93081057892981194870f2d.jpg, 1
IMG_20180723_122347_jpg.rf.8d718998cdc1a2e11846ad9dc0c56dda.jpg, 0
IMG_20180811_083828_jpg.rf.8d9b270176f45d8ff521c4ac065e3503.jpg, 1
IMG_1285_jpg.rf.8dbd9d6429916044a4bfccabb90979f7.jpg, 1
IMG_20180810_092948_jpg.rf.8db623fdc79b95bd7e81f04f88faf88e.jpg, 1
IMG_20180724_122017_jpg.rf.8dd89c059b8cd2a2d8a6d6d8d00db2c3.jpg, 0
IMG_20180717_105052_jpg.rf.8e0b86ffb09ba9c471716ee0022fd580.jpg, 1
IMG_20180726_123154_jpg.rf.8e6fc99536f93598a0c741891425cfbc.jpg, 0
IMG_20180721_091815_jpg.rf.8eaf4db149a6a73d2cd6e3742d66de6b.jpg, 1
IMG_20180719_124206_jpg.rf.8e1be39cb8161dfa171aae78c4d5f2e6.jpg, 1
IMG_20180725_121222_jpg.rf.8ebf4694825768419a1b16ef6dd824ec.jpg, 1
IMG_20180719_123704_jpg.rf.8f53d70a74698a15c939a2d87aafce3a.jpg, 1
IMG_20180720_124211_jpg.rf.8f5182e74ce63e1ae6b063860c84be8d.jpg, 1
IMG_20180723_122444_jpg.rf.8f77d5af9f61773050106c3ffdf5d906.jpg, 1
IMG_1288_jpg.rf.8f2242251945b0579817a37e5ef7ebc6.jpg, 1
IMG_20100101_033158_jpg.rf.8f831563932f91477fcfb81a05515981.jpg, 1
IMG_20180721_090047_jpg.rf.907f27025f530f915f70afc6e5cda545.jpg, 1
IMG_0232_JPG_jpg.rf.9030a1fe09f4bcf62bbe29731e8c20d3.jpg, 1
IMG_1248_jpg.rf.9109b8ba8f6447d3c070783313df3953.jpg, 1
IMG_20180724_122241_jpg.rf.90fafbcdff92a512d23eeb4e2769ad93.jpg, 1
IMG_20180714_103632_jpg.rf.90f30dae094c6d53cb8b6a8858572cfb.jpg, 1
IMG_1243_jpg.rf.90cc0da48c2e8ab95e659719c0fa2fc0.jpg, 1
IMG_20180723_151257_jpg.rf.917086984ae2665c9ae2e1f0514d2400.jpg, 1
IMG_20180723_124116_jpg.rf.91841f3a64e3f0cd2eb8bb9dc4e9e0e9.jpg, 1
IMG_20100101_032203_jpg.rf.916256a91b16df005d7def50570083aa.jpg, 1
IMG_20180714_103033_jpg.rf.916ccc9bf5ee2df208c3af7c6681b6fa.jpg, 1
IMG_20180810_092236_jpg.rf.8fb131facb02960876cbb4da468471c3.jpg, 1
IMG_20100101_032301_jpg.rf.91e5e4ab5ca8328515a7189dc95c256f.jpg, 1
IMG_20180725_120256_jpg.rf.920776b110f55bc311fe601eccdd09d6.jpg, 1
IMG_0036_JPG_jpg.rf.924376179dcd0f2e6af464ca7c45f9b0.jpg, 1
IMG_20180725_115227_jpg.rf.9253d967b830631600eb072493568d43.jpg, 0
IMG_20180719_124008_jpg.rf.9235c2dd34841fb17c85c8e6d9462d0b.jpg, 1
IMG_20180723_122511_jpg.rf.9247db9d80c64bcf5a98bf827c649a74.jpg, 1
IMG_20180714_103632_jpg.rf.9216926cc5e340e1de13d9b7a0dcbfc5.jpg, 1
IMG_20180724_125230_jpg.rf.91f68cec1a3f6a0f2420ec226e0c4f2b.jpg, 1
IMG_20180811_083535_jpg.rf.92b6de54b769ecdaa3dc32cca3735a50.jpg, 1
IMG_20180721_091154_jpg.rf.92bd2978780ec73fb603986282932dc1.jpg, 1
IMG_1239_jpg.rf.92d14d1a2ee34f6014a381164d62bf75.jpg, 1
IMG_20100101_032707_jpg.rf.930fdbf08117e4041907384602945ea5.jpg, 1
IMG_20100101_031929_jpg.rf.933539b25e0935b1c5fbc0d6cdd8cf4f.jpg, 1
IMG_1243_jpg.rf.931c2f48e9754e8058b67a9c4124b7c9.jpg, 1
IMG_20180721_090102_jpg.rf.933f3664415cd8e6d1f904bea71dbdf6.jpg, 1
IMG_20180719_144116_jpg.rf.932587a967546e44b20c173be4ea9a88.jpg, 1
IMG_20180723_124501_jpg.rf.93a3f4e96eabb51ffc82c4294765dea8.jpg, 1
IMG_20180811_083816_jpg.rf.93a99c90a277ae4c155e5d1cc11b3169.jpg, 1
IMG_20180720_141709_jpg.rf.934463a3b5a46e51253951df268fb117.jpg, 1
IMG_20100101_023250_jpg.rf.94110b6951a6708fca6235fc06e36b84.jpg, 1
IMG_20100101_032618_jpg.rf.93fde699b90e84f19200bcf8f5df5f1b.jpg, 1
IMG_20180811_084321_jpg.rf.93c4cefa7f7c3fecc8367471c6e28d7f.jpg, 1
IMG_20180723_123911_jpg.rf.942a1a68a2b5f76884e7c14d21299619.jpg, 1
IMG_1257_jpg.rf.94461ab3f3ddc5da2a1d5a51a4b7d7d8.jpg, 1
IMG_20180810_090309_jpg.rf.9413140bf47b40aa012d17083242b52e.jpg, 1
IMG_20100101_031929_jpg.rf.942efcabf62e3ad6cd55d936fcac50e6.jpg, 1
IMG_20180714_105115_jpg.rf.949a18ac15683c26c5b06f33b51c946f.jpg, 1
IMG_20180811_083742_jpg.rf.94b841cc298fcc886bf43fc0e796cfcc.jpg, 1
IMG_20180724_125152_jpg.rf.94c7067a3d0f6c7502d7613e46756732.jpg, 1
IMG_20180721_091004_jpg.rf.942f35e4a627be8b0d314173c71934b8.jpg, 1
IMG_20180718_105313_jpg.rf.94b013e168abbea72df163b65584f95f.jpg, 1
IMG_1261_jpg.rf.947c9ec883d3d9ca6ba351edfe2af045.jpg, 1
IMG_20180713_111504_jpg.rf.9501549da0335f07e8a705db7f74e2d6.jpg, 1
IMG_1256_jpg.rf.94f95a29e59bb7066da5773f401d4f6f.jpg, 1
IMG_20180724_150602_jpg.rf.94caf885cbcc1776d71f98ff7d57c0b0.jpg, 1
IMG_20180726_122215_jpg.rf.9515e65db8c9482f468590f0f8ff0da4.jpg, 1
IMG_20180719_144000_jpg.rf.9571d007d9e9e373670dcff6ca734754.jpg, 1
IMG_20180720_141242_jpg.rf.9532828a14e1e7ef722596661e1a63af.jpg, 1
IMG_20180720_124029_jpg.rf.95a62a7776314c606132b5aec3db2e4e.jpg, 1
IMG_20180725_114228_jpg.rf.94ddafd1ecfc4348699ba3489139e47a.jpg, 1
IMG_0065_JPG_jpg.rf.95d8d8b7542e2b582c81d7c476219ae1.jpg, 1
IMG_20100101_032301_jpg.rf.95e9371f3f8dcca62df8406b96507a06.jpg, 1
IMG_20180725_120120_jpg.rf.95dddbad72d108ce2f0583d6f7d140c6.jpg, 1
IMG_1261_jpg.rf.95c549a64c69350546d94f2d2bbcc0d5.jpg, 1
IMG_20180723_124643_jpg.rf.962619d02c43e815c07a5eaa4389b107.jpg, 1
IMG_20100101_031506_jpg.rf.961fdf19ad947b1dd5d791b32d514e1f.jpg, 1
IMG_20180723_145550_jpg.rf.968da75bca47dbb9960187271e11b50f.jpg, 1
IMG_20180719_124340_jpg.rf.9632d486228218434d346ce7b8ed65e1.jpg, 0
IMG_20180723_145000_jpg.rf.968dd396fc337016b503270623246b73.jpg, 1
IMG_20100101_032130_jpg.rf.9735cd58c6fca847b16b396acad1c65e.jpg, 1
IMG_20180723_145000_jpg.rf.973a2a0d119638f834f7488ba7dcb207.jpg, 1
IMG_20180720_142141_jpg.rf.969ad18bde65a4d2dfbbe9ecb6870eba.jpg, 1
IMG_20180810_091707_jpg.rf.974c8a5c73f0b6e4257a7a6051d04e66.jpg, 1
IMG_20180720_141301_jpg.rf.974d126ed70f1c9babeef27339ec3312.jpg, 1
IMG_0034_JPG_jpg.rf.97cfde98874ddef1d3282ffb52999d08.jpg, 1
IMG_20180714_104443_jpg.rf.97a505f39d1a9202549120acde373824.jpg, 1
IMG_20180720_141721_jpg.rf.97e08ae77139eae744c64cf3098c0155.jpg, 1
IMG_20180724_124548_jpg.rf.98230c9a0f4eea5de22b7522027797b9.jpg, 1
IMG_20180714_102407_jpg.rf.98223938d418016063ec947ac4a1dec6.jpg, 1
IMG_20100101_033158_jpg.rf.9872a157494ac6f598b7bf95112e4c5c.jpg, 1
IMG_20180723_151429_jpg.rf.97e8ed395b4e64401a3594194fe550b9.jpg, 1
IMG_20180719_124812_jpg.rf.9895ca540d3d0b826ad727e7afcbb255.jpg, 1
IMG_20180810_092325_jpg.rf.99196b901865e8d2036c4c5e28191767.jpg, 1
IMG_20180724_145832_jpg.rf.9823ef88b573e1402a33b4470bb73b52.jpg, 1
IMG_20180723_123733_jpg.rf.98e8762d35587e66b866f8604be597f6.jpg, 1
IMG_20180723_123454_jpg.rf.99332e7b72041b8e874b3e9796e0c628.jpg, 1
IMG_20180724_122357_jpg.rf.9966fa747d6ddc8bc524526c56f46272.jpg, 1
IMG_20180714_103352_jpg.rf.984fe8ad1453a8d383804013a527068a.jpg, 1
IMG_20180723_144816_jpg.rf.9ab6781218374a6c344ed5fc84b5200c.jpg, 1
IMG_20180724_125152_jpg.rf.9aaafa4cd2574e7d10b71419b8b1ce72.jpg, 1
IMG_1245_jpg.rf.99a94c6c223b85345c262030e5cff926.jpg, 1
IMG_20180724_121229_jpg.rf.9a28d2ae73084fb846691354e66c5095.jpg, 1
IMG_20180717_095534_jpg.rf.9aefec04878e11260c24663f4726e13e.jpg, 1
IMG_20180719_124132_jpg.rf.9af4bae64ff94eb6f720454ba35b00da.jpg, 0
IMG_20180811_084012_jpg.rf.9acb198b5695b1eaf4d6dc67ef1987d1.jpg, 1
IMG_20180717_121231_jpg.rf.9afe1eb189deaa181c43bcabdf80c61f.jpg, 1
IMG_0020_JPG_jpg.rf.9b369d6a668403f4d576f58aed37ac2c.jpg, 1
IMG_20180719_143034_jpg.rf.9b8a6469e88371c607173f9327bd96dd.jpg, 0
IMG_20180724_121614_jpg.rf.9bbbfd565b63db29f52d8e87267698ea.jpg, 1
IMG_20180720_141907_jpg.rf.9b4a0a866b671512ec2fec64cca0950a.jpg, 1
IMG_20180714_102620_jpg.rf.9bd39da755bab1206e96bd77f3cb3d35.jpg, 1
IMG_20180717_122524_jpg.rf.9bcaf0a37dce51592ff52c27c9006ff8.jpg, 1
IMG_1246_jpg.rf.9be047fe2a13ce3543923892a23bf998.jpg, 1
IMG_20180723_123015_jpg.rf.9bf91bd6c97dfedc60a809d3c3449b59.jpg, 1
IMG_20180810_092957_jpg.rf.9c8b8ede55780142576b1ff24a0a0ec0.jpg, 1
IMG_0211_JPG_jpg.rf.9c3f27e2867c6991dffc5e63943f3bcb.jpg, 1
IMG_20180725_122231_jpg.rf.9c4becdd9db1733f5f3d8a165de80e5c.jpg, 1
IMG_20180721_090911_jpg.rf.9d28a2884c66dbd484a56f7e2e65afec.jpg, 1
IMG_20180810_091819_jpg.rf.9d40946605433dfa82e2e843a7b17268.jpg, 1
IMG_20180726_122350_jpg.rf.9c1ed011076468c53add22edad10d44a.jpg, 1
IMG_20180810_092223_jpg.rf.9d363becb22d2256f00d0d8a1d72f7e3.jpg, 1
IMG_20180723_124233_jpg.rf.9d1e9b918baa2e2ee1ca39875084d28f.jpg, 1
IMG_20180723_145651_jpg.rf.9d757deec5546191d241de7156856745.jpg, 1
IMG_20180810_092850_jpg.rf.9d82fe896a614ddce79f952367a3380e.jpg, 1
IMG_20180724_122601_jpg.rf.9dc6fab829107cd4a3615cedffc70fd9.jpg, 1
IMG_0225_JPG_jpg.rf.9dc81ed8972830b1bfa6e16b9588ca85.jpg, 1
IMG_20180719_141754_jpg.rf.9dd7608a27fbd26ac1c23b72c4ec95fd.jpg, 1
IMG_20180810_092143_jpg.rf.9e0654f52f940bec1ac19d1ed991c529.jpg, 1
IMG_20180713_110216_jpg.rf.9e51841c56119092ebb4cc065238acee.jpg, 1
IMG_20180719_123848_jpg.rf.9ebfd9b42706cd498a858ac584717315.jpg, 1
IMG_20180723_124738_jpg.rf.9e556164255517988f526bb5c8f9ebd1.jpg, 1
IMG_20180720_141749_jpg.rf.9ec603208ac3c5f07fa46d06b5774548.jpg, 1
IMG_20180725_120722_jpg.rf.9ecea0744ff64cc1f982445f1f915d84.jpg, 1
IMG_20180721_090323_jpg.rf.9ed7d1fe414a9be1d71fd8fb76ebbc6a.jpg, 1
IMG_0030_JPG_jpg.rf.9f391e150819e276d219e3290bd1ba85.jpg, 1
IMG_20180723_122833_jpg.rf.9eedbbc82fc0bc5d51774753a645a00e.jpg, 1
IMG_20180724_121309_jpg.rf.9f4ea11fc910dffe3f300b377678a43c.jpg, 1
IMG_20180724_123732_jpg.rf.9f7317d2cbdc049518ae046bb1de1270.jpg, 1
IMG_20180724_122133_jpg.rf.9f49f393ef1d5eeec1c11c008aad0e78.jpg, 1
IMG_20180726_123203_jpg.rf.9fa62f7da57de82d5b5bbac610d93a70.jpg, 0
IMG_20180726_122206_jpg.rf.9f99a2f84be863d1b9ab3c2be57f6360.jpg, 1
IMG_20100101_031717_jpg.rf.a04a48fe04579a6dc8fdde432dd80764.jpg, 1
IMG_20180719_143022_jpg.rf.9ff22781c6d85f230e00985d8beae80b.jpg, 1
IMG_20180723_124206_jpg.rf.9fea9263acf6196e6b8ba00cfb04284e.jpg, 1
IMG_20180720_123553_jpg.rf.9fb745965a6663201131196d23e63818.jpg, 1
IMG_20100101_022751_jpg.rf.9fd41a3fb22f09cf70d3de767ee801cb.jpg, 0
IMG_20180714_095301_jpg.rf.a08d188734ae2134d6f82018c04028b5.jpg, 1
IMG_20180717_120802_jpg.rf.a067c2bf9a7c072abe7193d473512218.jpg, 1
IMG_1315_jpg.rf.a0ba558ffe7f93cca57fc0bb64ce833c.jpg, 1
IMG_20180725_122039_jpg.rf.a07eb1c2f1dbbf78de94e0153a34b2f0.jpg, 1
IMG_20180720_142509_jpg.rf.a0d159152466a6d27cf576b722c56979.jpg, 1
IMG_20100101_021715_jpg.rf.a0d7e9c43c45740c1d82cf6970f4fc4d.jpg, 0
IMG_20180719_143919_jpg.rf.a0e833431a73ff36dc528ae90ec00e92.jpg, 1
IMG_20180723_122614_jpg.rf.a11d9329da69bf02abacac238e09fae1.jpg, 1
IMG_20180810_092723_jpg.rf.a19f68e583311614c60e9c593db51856.jpg, 1
IMG_1240_jpg.rf.a180a51a93e808c1a698268a026c58ee.jpg, 1
IMG_20180720_124036_jpg.rf.a19fb2ad45c67b4537a97ca3d83f847d.jpg, 1
IMG_1254_jpg.rf.a151436fb0c267dc52f98c6e84e327d9.jpg, 1
IMG_20180724_124557_jpg.rf.a1da75327aa7a4a1990e970de2f2eddb.jpg, 1
IMG_1230_jpg.rf.a1c08c8ccd5bf06b4a430f6e48fda7dd.jpg, 1
IMG_20180811_083513_jpg.rf.a1c8374621fa7280306a6fc6276c8af5.jpg, 1
IMG_20180811_083610_jpg.rf.a1e2939efae51d805d6890f0ab8c05dd.jpg, 1
IMG_20180723_123209_jpg.rf.a225a447facdc43df7d3b4abba86fc66.jpg, 1
IMG_20180724_150758_jpg.rf.a205e22b4e252d194d48619d2d662aac.jpg, 1
IMG_20180726_122732_jpg.rf.a232854e64beaef7bb35cb348fdf979d.jpg, 0
IMG_20100101_032147_jpg.rf.a261cb2e19b97dac2d501dd58ad9859e.jpg, 1
IMG_20180719_143034_jpg.rf.a225724d182726e2bcbaf7abb2c37dd7.jpg, 0
IMG_20180724_121233_jpg.rf.a24b4e235717366f91302d18e629affc.jpg, 1
IMG_20100101_030428_jpg.rf.a28b561f17b6a22b791f0a3c9f1ba2dd.jpg, 0
IMG_20180721_090527_jpg.rf.a2c583b4c006920006525ea137c048cf.jpg, 1
IMG_20180725_121519_jpg.rf.a2cf8060d9030298f166e8d18077d9a5.jpg, 0
IMG_20180725_121405_jpg.rf.a26a473306c4a09b2d781bead59468ef.jpg, 1
IMG_20180720_142949_jpg.rf.a299104b0d03108b998db1e8205be855.jpg, 1
IMG_20180723_123708_jpg.rf.a2a2a85c8cc1169e0fb4c356b34ef32a.jpg, 1
IMG_20180724_122546_jpg.rf.a2ed18e5b7ca5cff6454927b5d978d7d.jpg, 1
IMG_20180810_092850_jpg.rf.a31c73f917cccfa854bbca740be5e527.jpg, 1
IMG_20180717_121929_jpg.rf.a316ed87ca9aba2ba319e729d40cac25.jpg, 1
IMG_20180713_111539_jpg.rf.a2f75ded6732ae49f85a9bb52ca62117.jpg, 1
IMG_0230_JPG_jpg.rf.a33195cbbe3d4f0a109a5553eb6aea5f.jpg, 1
IMG_0232_JPG_jpg.rf.a34d8e67853579a71debe17e010a5ffa.jpg, 1
IMG_20180721_091441_jpg.rf.a34649013dfb528a78a98f7efbafbbc8.jpg, 1
IMG_20180714_102952_jpg.rf.a33aafcfcb6df847cf5e611183673c29.jpg, 1
IMG_1288_jpg.rf.a3c0dc539036fc730fc6c80e39b2e342.jpg, 1
IMG_20180723_145515_jpg.rf.a39fa8e99cf76701e252be05df03a4d9.jpg, 1
IMG_20180717_120747_jpg.rf.a352b11ead208c80aa98a5fd329b5e2c.jpg, 1
IMG_1239_jpg.rf.a38df80a7ac1a61d825c0e69b00ff597.jpg, 1
IMG_20180717_095153_jpg.rf.a479f99d528d84edec44a4346ac597ea.jpg, 1
IMG_20180719_142631_jpg.rf.a3f111778ce2f30a567610ca33f27e25.jpg, 1
IMG_20180714_103024_jpg.rf.a5160cfd039a3d76750ac8e7467287fc.jpg, 1
IMG_20180724_121853_jpg.rf.a4ee5bf18de402309a22da89749e160c.jpg, 0
IMG_20180721_091004_jpg.rf.a3c55a4398cfae13288ddc9d1893081e.jpg, 1
IMG_20180721_090927_jpg.rf.a4ad9f34ae40225f120a7e41a9d3163e.jpg, 1
IMG_20100101_022113_jpg.rf.a4f1cc0a15222762cd8d3e87d403ccc7.jpg, 1
IMG_1251_jpg.rf.a412b7ac6e842d57994fb7954561dd82.jpg, 1
IMG_20180723_122515_jpg.rf.a5453eebde6f54c7266f2e3b97a1b91b.jpg, 1
IMG_20180714_094934_jpg.rf.a5a1a772f7791600fed9f532d0fe8603.jpg, 1
IMG_20100101_031811_jpg.rf.a5353be3c8fdbfc581d848126d13cab0.jpg, 1
IMG_20100101_030140_jpg.rf.a569cbb68988e6ed59ed9e96704f5174.jpg, 1
IMG_20180725_121405_jpg.rf.a5e5cebef24fbcb91953f2110f6408a9.jpg, 1
IMG_20180723_152133_jpg.rf.a5b696a19a65423aa6a85bfd8bf9e06a.jpg, 1
IMG_20180724_122513_jpg.rf.a5a8cd7c060ac52efe96c50242a44012.jpg, 1
IMG_20180805_082857_jpg.rf.a5cac8cf8a873c0dc45e167fd889c4c1.jpg, 1
IMG_20180724_121832_jpg.rf.a6283ea58f5d5651d7a5c4ac0dbc8e24.jpg, 1
IMG_20180724_151727_jpg.rf.a61221e1348c4daf0436a203873d3dfa.jpg, 1
IMG_20180724_122650_jpg.rf.a63c1110abe5775b202aa5090750570f.jpg, 1
IMG_20180724_124135_jpg.rf.a5feb75e6304155dbdd31b5dcc92cc48.jpg, 1
IMG_20180713_110059_jpg.rf.a6713ea73ae3feb56d9cc9f27ea2ecdb.jpg, 1
IMG_20180720_142048_jpg.rf.a6cc1d0d35c8b70e65e7d41f7140b6c3.jpg, 1
IMG_20180720_143232_jpg.rf.a65ff92509559e4e0c3428ea9b1aeb43.jpg, 1
IMG_20180723_145515_jpg.rf.a6c58cc604fb166926b7ffc0190667f8.jpg, 1
IMG_20180714_103632_jpg.rf.a6db714056cb7bfe6408ec4be0e55744.jpg, 1
IMG_20180724_124738_jpg.rf.a6de53a4379d55138ea81230089b3cc1.jpg, 1
IMG_20180810_092900_jpg.rf.a6ec864fceb67678865e8e0ce65b9086.jpg, 1
IMG_20180723_144845_jpg.rf.a70411df0b3f0fb09af2c08a2ec4d9d1.jpg, 1
IMG_20180807_083115_jpg.rf.a6e8682cd1b6655e8114c9900c8f2960.jpg, 0
IMG_20180723_124251_jpg.rf.a6f114a19aea31f6444e44baaf3362b6.jpg, 1
IMG_1262_jpg.rf.a73100a3b636ec0f60915ba56bb87503.jpg, 1
IMG_20180724_122601_jpg.rf.a744615dc004af4faa526168ab802783.jpg, 1
IMG_20180724_150041_jpg.rf.a6fa3e1614d4bb8cc19d6164dc00efaf.jpg, 1
IMG_20180724_122446_jpg.rf.a7559da3ffe3ab20aad9d82bcd19a12c.jpg, 1
IMG_20180726_122638_jpg.rf.a76b15827e1e4a2eee32417b65dbb531.jpg, 0
IMG_20180725_115024_jpg.rf.a785d97fa0767e552c0f836a43c09ec7.jpg, 1
IMG_20180723_122959_jpg.rf.a7db7f45d4a58b27fe79018d08c7b92b.jpg, 1
IMG_20180725_121222_jpg.rf.a7414cd18d9be7531fa7bdc0a6bfd1c5.jpg, 1
IMG_20180720_141225_jpg.rf.a7a115b0f551ef6e8c768cf685642321.jpg, 1
IMG_20100101_030140_jpg.rf.a8050d35676fa071a11968939f51c919.jpg, 1
IMG_20180717_123537_jpg.rf.a8290f131aabd376189f5d4d385244a3.jpg, 0
IMG_20180724_122419_jpg.rf.a84a44a29589a0befd4c35407b9749e1.jpg, 1
IMG_20180719_143849_jpg.rf.a800e912c0737634e5a499220a9f53bc.jpg, 1
IMG_20180714_103949_jpg.rf.a863d7cf150677352665ed3091184b18.jpg, 1
IMG_20180725_122039_jpg.rf.a880a57c13dd1be09a238d8ffa6e0e1c.jpg, 1
IMG_20180725_121324_jpg.rf.a826fa4f58c2f56fa5524cdecb6a25cd.jpg, 1
IMG_20180720_142447_jpg.rf.a86f603e3bd74409587b55146a9cd144.jpg, 1
IMG_20180721_090527_jpg.rf.a8aca18627c37d5d48d110e6f7655ca2.jpg, 1
IMG_20180810_092151_jpg.rf.a895130552ad39d9b889138b800bd738.jpg, 1
IMG_0207_JPG_jpg.rf.a8ec812b4bc5f157a48f2356c5dde63d.jpg, 1
IMG_20180724_121657_jpg.rf.a8a40b2d571251e0c415959b1b77648a.jpg, 1
IMG_20180721_090927_jpg.rf.a8b77dc3fe2d8f5b37622205a97ed690.jpg, 1
IMG_20180720_124553_jpg.rf.a8edf20be8c01c633ecb9320d2536bd2.jpg, 1
IMG_0039_JPG_jpg.rf.a914129fc073bc5c9b9ce19d9499f894.jpg, 1
IMG_20100101_031947_jpg.rf.a8edca7df35a49d50b3d9fae9d511788.jpg, 1
IMG_20180721_090414_jpg.rf.a971f38ef6a06a084e4cb85c0eba2731.jpg, 1
IMG_20180811_083617_jpg.rf.a9a70c98d8432afb45858bceddd43a3a.jpg, 1
IMG_0074_JPG_jpg.rf.a994307792d3e531a7a8c7c573f5485f.jpg, 1
IMG_20100101_022957_jpg.rf.a9bc0ca075046e3ebf9d9af2cf7d6750.jpg, 1
IMG_20180719_124517_jpg.rf.aa0cd11747c0a094402fbcd048d1af84.jpg, 1
IMG_20180724_123854_jpg.rf.aa2da8bf7aa9e8624b6cb357ec664bcd.jpg, 1
IMG_20180724_150928_jpg.rf.aa3669ec465cf89d9f86138396e9726e.jpg, 1
IMG_20180723_124501_jpg.rf.aa7c3bd004ed3f8af2bc2f53f39fc7f4.jpg, 1
IMG_20180720_123433_jpg.rf.aad043b019449543e286c7bdb91dd896.jpg, 1
IMG_20180723_145121_jpg.rf.ab50a2c82f96aefc71b7d03a80fa5a9d.jpg, 1
IMG_20180726_122342_jpg.rf.aae3c78e67318b5f6aaa212a8c74545d.jpg, 1
IMG_20180725_114849_jpg.rf.cf58aa9c75b76fce50e9827f86742e29.jpg, 1
IMG_20180720_142853_jpg.rf.d01016ee818a6ab4ac4004ee81a5ff82.jpg, 1
IMG_20180720_142751_jpg.rf.cefe49cf62994ae7054f7bb9cb2f54dd.jpg, 1
IMG_20180724_121704_jpg.rf.d0799c1d9b1206a237b93d1331b0f8a0.jpg, 1
IMG_20180721_090352_jpg.rf.d11a9b7368c7c371493ccd0376e2bb86.jpg, 1
IMG_20180720_123656_jpg.rf.cfc095e8076593b6c7e222bb44240557.jpg, 0
IMG_20100101_031947_jpg.rf.cfbf2aa26bba907419ea7f9c8b8195ca.jpg, 1
IMG_1290_jpg.rf.d0a2f40d8a4f026d8138b3a9eda9c399.jpg, 1
IMG_20180811_083942_jpg.rf.d035e3dd48b310133fa71b618bf4f4a9.jpg, 1
IMG_20180720_123651_jpg.rf.d0c694e83f83a052924c85bdc6368155.jpg, 0
IMG_20180724_121149_jpg.rf.cfa2d816c4277babc8a713b29b894663.jpg, 1
IMG_20180810_090336_jpg.rf.d0c1fa0bc330f7759295f3b6124d4d2f.jpg, 1
IMG_20180724_122831_jpg.rf.cf37b95d034b63c443afe2cf605e599f.jpg, 1
IMG_20180811_083958_jpg.rf.d00bdbd7e84afacd3acef640591b4f65.jpg, 1
IMG_20180724_120903_jpg.rf.cf0846c6410effee780d250279a25cb6.jpg, 1
IMG_20180724_121819_jpg.rf.cee5d2ad80b1b291b11110d6e04d708e.jpg, 1
IMG_1317_jpg.rf.cf042471977859611a3d316dafaf8b5a.jpg, 1
IMG_20180720_142625_jpg.rf.cec2364cc533af4ed6b39ca616c8d0b4.jpg, 1
IMG_1242_jpg.rf.d028339842d0760439bc0b252361c330.jpg, 1
IMG_20180724_123732_jpg.rf.d0883f4f9058a1314daa6c7cf1dd130c.jpg, 1
IMG_20180811_083633_jpg.rf.d18a308c16d7ee22d0a5a785360f04c0.jpg, 1
IMG_0168_JPG_jpg.rf.cee87cffac9c71304ae3dd2b9b8c6a21.jpg, 1
IMG_20180720_142558_jpg.rf.d1e73dd5f939cea2aa976d14c7b3dcc6.jpg, 1
IMG_20180723_145631_jpg.rf.cf8eef516f6ef85269b02c4044f87915.jpg, 1
IMG_20180719_124442_jpg.rf.d158060f1da276a122f6f92ff3cffc5c.jpg, 1
IMG_20180723_123437_jpg.rf.d113c355bb8906694d22095883e5f6a7.jpg, 1
IMG_20180724_121553_jpg.rf.d1c0c5cbaec2512f6df0f1b77df95ba7.jpg, 1
IMG_1250_jpg.rf.cff386576755d3ef6da1f2b6c390cbdb.jpg, 1
IMG_20100101_022658_jpg.rf.cff4b249c6b429d436257aa38ec3b646.jpg, 1
IMG_20180724_123610_jpg.rf.d26fc4e3e4daee62b1302dac27d77624.jpg, 1
IMG_20180720_123932_jpg.rf.d27960f0a459965b525e0c25d2cf65df.jpg, 1
IMG_20180811_083436_jpg.rf.d28f73cadcf472d85ba9e77d94b7e150.jpg, 1
IMG_20100101_031702_jpg.rf.d25809045214d1ab96347476a69786c8.jpg, 1
IMG_20180720_142141_jpg.rf.d2812451312d747fa49f3b4071678cfd.jpg, 1
IMG_20180714_103352_jpg.rf.d372fcd0cfa1760380e3e6312f975511.jpg, 1
IMG_20180723_124712_jpg.rf.d2ce8ab60bd74eaec2bf742d4ee10750.jpg, 1
IMG_20180720_123409_jpg.rf.d40ce4e946289c0b6401063ceabb15f0.jpg, 1
IMG_1252_jpg.rf.d39bfae6ddd1b178c5b2eed38472aa1c.jpg, 1
IMG_20100101_032130_jpg.rf.d3a2600793aca24a198ffb349ab24cc8.jpg, 1
IMG_20180717_122524_jpg.rf.d3e04adca775f9c9bfc5d09c00f0efe8.jpg, 1
IMG_20100101_023024_jpg.rf.d4793c6d6c027236bc6e62903c37fd80.jpg, 1
IMG_20180723_145104_jpg.rf.d3a6d9c9603047f2c7fe64eea5c5f24d.jpg, 0
IMG_1254_jpg.rf.d41224c21d1a873bfaf42b592128581a.jpg, 1
IMG_0058_JPG_jpg.rf.d4cd3b75edc864d72696c88f98a1e2f9.jpg, 1
IMG_20180720_123932_jpg.rf.d52cb065e9e4b1a5e1a808ef96e60953.jpg, 1
IMG_20180719_124340_jpg.rf.d5686f652effc1102218e828ec2d9a42.jpg, 0
IMG_20180723_145334_jpg.rf.d5d444bfb59fdc84353938ce5d1f112b.jpg, 1
IMG_20100101_033259_jpg.rf.d5e24d88e80549f33b0499846a98566f.jpg, 1
IMG_20180719_143049_jpg.rf.d5fb3d0714a2ec931d7013a5c178040c.jpg, 1
IMG_20100101_032618_jpg.rf.d60d2344dac51502d86a1cfab9ecf31c.jpg, 1
IMG_20180725_113905_jpg.rf.d61a5251532247dfd7002e95773dbb16.jpg, 1
IMG_20180724_122617_jpg.rf.d659e395f44e8ad174e631ef4d030a5e.jpg, 1
IMG_20180719_124931_jpg.rf.d635c4d64f9c22517096119e5db15794.jpg, 1
IMG_20180726_122400_jpg.rf.d69687875e529b00f1ff578f7e201060.jpg, 1
IMG_20100101_021715_jpg.rf.d6c491ce7ada8d471a415b84801e956f.jpg, 0
IMG_20180723_145353_jpg.rf.d70b3c41468b51d4e321547149b25fa2.jpg, 1
IMG_20180811_084341_jpg.rf.d6b7998fc578c703a165401782ae8f29.jpg, 1
IMG_20180723_122952_jpg.rf.d75357af919e915ea1aff1ed4fa474a2.jpg, 1
IMG_20180717_121839_jpg.rf.d779e99adfb5be219d58b8288592d76d.jpg, 1
IMG_20180724_121853_jpg.rf.d7f72fa355225fa592e6d45c2734eb7c.jpg, 0
IMG_20180723_145703_jpg.rf.d7fc069321c16291f3a47d457ad39935.jpg, 1
IMG_0229_JPG_jpg.rf.d81a1d80fba23875ac9bd13afef4ba22.jpg, 1
IMG_0162_JPG_jpg.rf.d75185c4cfadba83e2bc57fdfcf66315.jpg, 1
IMG_20180724_123619_jpg.rf.d7aafc9f3541232681e7f31a1bd59c6c.jpg, 1
IMG_0130_JPG_jpg.rf.d8055aee6dedd8a650d8c0ed216921c5.jpg, 1
IMG_20180725_121427_jpg.rf.d83cc6416b116a0e7bcb362df39c9211.jpg, 1
IMG_20180719_142631_jpg.rf.d86b56494599ee91424084c97c0fec25.jpg, 1
IMG_20100101_033101_jpg.rf.d825458011348acc316af37970db7b59.jpg, 1
IMG_20180726_122306_jpg.rf.d86ccc0f227072d9ceb9ee791d5ca904.jpg, 1
IMG_20180811_083849_jpg.rf.d90399982ceffdb9972eea37709e1493.jpg, 1
IMG_20180720_142447_jpg.rf.d94d073052e083e72311cae0a99f7aea.jpg, 1
IMG_20100101_022131_jpg.rf.d8d445190290c5b136e2613449b741fa.jpg, 1
IMG_20180724_122509_jpg.rf.d8fb155cd90dbe157b5e6c7c664854b3.jpg, 1
IMG_20180720_142708_jpg.rf.d958e860d4090a53383047ae9ed00f2a.jpg, 1
IMG_20180719_142947_jpg.rf.d986a27c9aec1a29ec44e0f65c48c7b1.jpg, 1
IMG_20180724_122617_jpg.rf.d9926e925fc8bffa43470fdf93fae0ed.jpg, 1
IMG_20180723_150532_jpg.rf.d98312204df733e2a1b6c1f8ecf005ed.jpg, 1
IMG_0227_JPG_jpg.rf.d9949b5324566f33fab39ec735b1d419.jpg, 1
IMG_20180714_103055_jpg.rf.d99d57def32933e2cb540b3dc5302ada.jpg, 1
IMG_20180725_121427_jpg.rf.d9de281da457d2260638acfb4a81a5fb.jpg, 1
IMG_20180726_122238_jpg.rf.d9db4424e8198c8f2a6de2fced92ccd2.jpg, 1
IMG_20180713_111504_jpg.rf.da2f4aea9973cd5d08894b5b83bacc8b.jpg, 1
IMG_20180724_121502_jpg.rf.da3952a99d7123a1a45793c9b4569261.jpg, 1
IMG_20180811_083912_jpg.rf.da9d1d31b4098911368e6b95d5f6ffe9.jpg, 1
IMG_20180720_142104_jpg.rf.da0119d15ea921c7408dc6edc5e1ff81.jpg, 1
IMG_20180724_123723_jpg.rf.daa7d644b6a6283e713530819a5e04cf.jpg, 1
IMG_20180717_105155_jpg.rf.db042074b65c989e9a934c541b3a2876.jpg, 1
IMG_20180723_123915_jpg.rf.db10eaa1ba56d7b0dfa7fd6e900c1ea4.jpg, 1
IMG_20180719_124553_jpg.rf.db2a7e34063f6fa466b91445179ee77c.jpg, 1
IMG_0089_JPG_jpg.rf.db2d134c4c17cb4af6414283858cb5d4.jpg, 1
IMG_1296_jpg.rf.db9f72e7955eae21474a0973b52d7a11.jpg, 1
IMG_1299_jpg.rf.dbd145641a3fd4516687519a7cf76431.jpg, 1
IMG_20180721_091400_jpg.rf.db589ac925ee6eb747d5f7d9d6cd7190.jpg, 1
IMG_1237_jpg.rf.dc44d3e35308796661bce78540e625c9.jpg, 1
IMG_20180717_095144_jpg.rf.dbfcc8cf506a5577aff86bc7da1c78ce.jpg, 0
IMG_20180811_083939_jpg.rf.dcfec78650c263fb2633ede50566bfef.jpg, 1
IMG_20180723_124501_jpg.rf.dc5691d3725ead6389b9f51bbd4734c7.jpg, 1
IMG_20180723_145515_jpg.rf.dd5d0fb6d1063548f302b78bad9e6f1f.jpg, 1
IMG_20180726_122206_jpg.rf.dd7f9e547292c533d93df1f13370f68d.jpg, 1
IMG_20180719_124213_jpg.rf.dd50192951a5be1a0eb22913e156b424.jpg, 1
IMG_20100101_031918_jpg.rf.ddcb1f5daaa9adbee94b52f30a320e18.jpg, 1
IMG_20180725_121940_jpg.rf.dde7ab907ea643dd9fa329ec1b2e4b28.jpg, 1
IMG_20180714_102511_jpg.rf.dd8b178a08a88bf0bd749a346f073187.jpg, 1
IMG_20180725_113901_jpg.rf.de0e95109caeb664cccbc35b832ec34f.jpg, 1
IMG_0020_JPG_jpg.rf.de1f0cb10df653123f58c766e6b17d97.jpg, 1
IMG_20180724_150758_jpg.rf.dce6bc258c47b7948201cf9a872c5a63.jpg, 1
IMG_20180720_123359_jpg.rf.dddbe28b159597ef365e67620fa668c4.jpg, 1
IMG_20180721_090007_jpg.rf.de0bada24c9599957085a6f35b54fe72.jpg, 1
IMG_20180723_145353_jpg.rf.de50e3c3c86f8a220c00def82434f676.jpg, 1
IMG_20180724_121432_jpg.rf.deafd8db6ada9e69cc16eff8c4210d04.jpg, 1
IMG_20180720_141709_jpg.rf.dec8c1002a70857a22c3de4811426880.jpg, 1
IMG_20100101_030428_jpg.rf.dee8f41bad3d8a9d0687b0fa107f20cf.jpg, 0
IMG_20100101_021505_jpg.rf.de546841bb63f0ebf5ee829e17cad019.jpg, 0
IMG_20180724_120949_jpg.rf.def6a4781ba05a1161e5e0303c2c29e2.jpg, 1
IMG_20100101_031820_jpg.rf.df03f9c9ed5e16067f3528434f70554d.jpg, 1
IMG_20180713_110053_jpg.rf.deec821902300547bbdd23cc00805576.jpg, 1
IMG_20180723_123744_jpg.rf.df139f1112db8136c1c6f6b2381a9524.jpg, 1
IMG_20180713_110542_jpg.rf.df789d599cc3d3b7954e9421f18acbe2.jpg, 1
IMG_20100101_033537_jpg.rf.dfab99d55f1dcb3724ded3bbce6562b9.jpg, 1
IMG_20180719_143627_jpg.rf.df635aad4eb27c1fde542524c4c90d3e.jpg, 0
IMG_20180724_123557_jpg.rf.df2169c2ab7f145e94648cead15a1cc9.jpg, 1
IMG_20100101_033637_jpg.rf.dfc73a8940e6f43727e7c5f604524598.jpg, 1
IMG_20100101_032949_jpg.rf.e0048130fe02ccb33b742904e7448fa8.jpg, 1
IMG_20180721_091504_jpg.rf.dff81d2eef9b34099dcfd4afdf427594.jpg, 1
IMG_20180719_142820_jpg.rf.dfc0bce5e7fa5dda5587ed03b89e46e4.jpg, 1
IMG_20180724_124946_jpg.rf.e01e3eb6391430a9c7e1ca74db2bc64e.jpg, 1
IMG_20100101_023206_jpg.rf.e034b1d32934a2176ed7e035f62ea2ee.jpg, 0
IMG_20180724_121233_jpg.rf.e0520cdc3b8d4478bc9dcff8a7a10953.jpg, 1
IMG_20180723_122946_jpg.rf.e01b7dbcefdb27ab92125cd579af204d.jpg, 0
IMG_20100101_033320_jpg.rf.e0616548012150cc6e594d323518d36c.jpg, 1
IMG_20180723_145000_jpg.rf.e088274bec5dd69605da0000551ae80c.jpg, 1
IMG_20180725_120946_jpg.rf.e0f1d1ee5fe9000bae8aabc722238c5a.jpg, 1
IMG_20180721_091322_jpg.rf.e0a51b16f0a108a5800b3850ae8d3591.jpg, 1
IMG_20180725_114748_jpg.rf.e12712292ff4c637c28471f8f9092393.jpg, 0
IMG_20180723_145334_jpg.rf.e1715fb7f423b9009d8ed60dfbb55be3.jpg, 1
IMG_20180721_090151_jpg.rf.e0fa9f6fc75609c18645fecdcc078dd3.jpg, 1
IMG_20180724_121345_jpg.rf.e06fc087ab16e71161a2a3f1a46145b4.jpg, 1
IMG_20180723_122833_jpg.rf.e1d9e1c377dc045ec825fb3b5f3d6037.jpg, 1
IMG_20180717_120747_jpg.rf.e20469def5407815aa7f1bacc1062279.jpg, 1
IMG_20180724_123908_jpg.rf.e20cf5d09a593c594500c0f1d73fefcb.jpg, 1
IMG_20180724_121102_jpg.rf.e2206d08b7a791d8460018e9291a1376.jpg, 1
IMG_20100101_023206_jpg.rf.e21ef01d261ca218c123a8427a60b2c2.jpg, 0
IMG_20180720_123828_jpg.rf.e22d7adac773ad1873759d681b767de9.jpg, 1
IMG_0036_JPG_jpg.rf.e22711da164d5f1d352beddfd19ce2be.jpg, 1
IMG_20180724_121315_jpg.rf.e1eb8835f716d5435b7b37fe2b578c5d.jpg, 1
IMG_20180713_111359_jpg.rf.e26825bddf77878b2321cd752ad6015c.jpg, 1
IMG_20180726_122342_jpg.rf.e2919487771f8d74d15c2d5d71e91682.jpg, 1
IMG_20180724_121502_jpg.rf.e2d7c03316bfc48d7d4268b340686475.jpg, 1
IMG_20180721_091759_jpg.rf.e2e31d3b9962221089ad9f3b7971e0e0.jpg, 1
IMG_20180726_123154_jpg.rf.e2e81c296328ba400d3dad1e424c8377.jpg, 0
IMG_20180723_152133_jpg.rf.e338100d483797f0c02898e9ffd4239d.jpg, 1
IMG_20180724_122357_jpg.rf.e3632ee85ab9f2d122aa74cf7a123e77.jpg, 1
IMG_20180723_124655_jpg.rf.e35e9254f70dafca9ddecfda204147a0.jpg, 1
IMG_20180724_121957_jpg.rf.e39d86501ca63e8567ceeddd40619526.jpg, 1
IMG_0211_JPG_jpg.rf.e3a7f9bdb2296c80139281142233714b.jpg, 1
IMG_20180724_124449_jpg.rf.e36ea02081c1818b40ec17874c0d2a3b.jpg, 1
IMG_20100101_022658_jpg.rf.e39a734c081638d67fdd64447f49b14b.jpg, 1
IMG_20180721_091412_jpg.rf.e3de42d0d643615e946e93425533d778.jpg, 1
IMG_20180720_143252_jpg.rf.e42a6ff3c517b3ff961b41e44d32729f.jpg, 1
IMG_20180810_092254_jpg.rf.e445ec792af3ce671c2abc1f7ec2b4ee.jpg, 0
IMG_20180720_142846_jpg.rf.e4139ed7d2fe2c54d5c6bf98352b6ad4.jpg, 1
IMG_0031_JPG_jpg.rf.e4935bfce981bdc328af10ee4c19ecd5.jpg, 1
IMG_20180811_083847_jpg.rf.e45ae3a2299724b37029e9fea468f587.jpg, 1
IMG_20180725_120313_jpg.rf.e469e78bb57e416f7822076151f7b507.jpg, 1
IMG_20180714_102620_jpg.rf.e4980c3e6b64abf296eecb218fffe53f.jpg, 1
IMG_1315_jpg.rf.e4ce99cdefacac0474ae5e98fdcd34a2.jpg, 1
IMG_20180726_122312_jpg.rf.e49958153d5c08477caae3e1dabbd566.jpg, 1
IMG_20180717_120957_jpg.rf.e4bd6a281cc4bbf2955694e03f569df9.jpg, 1
IMG_20180714_102623_jpg.rf.e4efb27cc6417f7ca8265a4a4009a19f.jpg, 1
IMG_20180713_104842_jpg.rf.e4d8cc8013d265bd1b80c24e72237c3d.jpg, 1
IMG_20180719_124931_jpg.rf.e4cde72715297ebfc3c967cd277a5c8c.jpg, 1
IMG_20180723_152231_jpg.rf.e517cf2927e647502fbe6b670aafe62d.jpg, 1
IMG_20180720_123624_jpg.rf.e4f0a3bae02526a3d6de66e0df8bdeb6.jpg, 1
IMG_20180724_125919_jpg.rf.e531e60585b27e1560b65cf6822ca2a8.jpg, 1
IMG_20180723_124206_jpg.rf.e52f2e6a33ffd84228f592f4f5c5b6e8.jpg, 1
IMG_20180724_121017_jpg.rf.e567784505478e923ea92bfb0bb8777e.jpg, 1
IMG_20180719_143217_jpg.rf.e582a9b7c45ed4d2e26d5036543d2e2e.jpg, 1
IMG_20180723_123328_jpg.rf.e532916ae1efaab3872afb225aa6b12d.jpg, 1
IMG_20180717_121929_jpg.rf.e5e733a0264101b9d2a2ae4f073b96b4.jpg, 1
IMG_1317_jpg.rf.e5438d53e7cfed3e62cb3a262347cfbc.jpg, 1
IMG_20180719_141933_jpg.rf.e61fba581f7e03659cccd8603bb56889.jpg, 1
IMG_0157_JPG_jpg.rf.e656385c4c5e84f020c0dba1b8c3a0df.jpg, 1
IMG_20180723_122404_jpg.rf.e6a12a56cda1973a3168eaff07f8245f.jpg, 1
IMG_20180719_124553_jpg.rf.e651c82b11d3cb03b23018dfbc40974f.jpg, 1
IMG_20180724_124946_jpg.rf.e72763217efe6f60649f7f07a81eac43.jpg, 1
IMG_20180811_083610_jpg.rf.e746c0827cdf418b202fb779402cfae4.jpg, 1
IMG_20180724_122534_jpg.rf.e75c9684e2add20a4b3172a900bc7e75.jpg, 1
IMG_20180723_123733_jpg.rf.e62d9e1a6213494c4e9a8bef0170e7c9.jpg, 1
IMG_20180719_143232_jpg.rf.e6e533f86b20fb1f502a2330d9fb3c50.jpg, 1
IMG_20180723_145937_jpg.rf.e7a5ff47837374baf4f26b7ce697b05b.jpg, 1
IMG_20180713_111539_jpg.rf.e7940c7f1853a80d79bcec131ed1f0f2.jpg, 1
IMG_20180713_111457_jpg.rf.e77aa3496a0924a2d6e47e05346e7576.jpg, 1
IMG_20180724_124508_jpg.rf.e76baaba2269b3bbc7521e07d94ea877.jpg, 1
IMG_20180811_083436_jpg.rf.e7b60e38e46a938db67695acea935e2d.jpg, 1
IMG_20180724_123542_jpg.rf.e7e56178b4b4c6f92705305cd9e2da55.jpg, 1
IMG_20180714_103055_jpg.rf.e7bda3bf42894a9e03d7c7e1cf974190.jpg, 1
IMG_20180714_103229_jpg.rf.e84858b57723df96a4f4457d1dd0b916.jpg, 1
IMG_0124_JPG_jpg.rf.e89a7b795faea52d68b1e75f1767d0ed.jpg, 1
IMG_20180723_123231_jpg.rf.e8ab0aa3f9d034564807c77782860743.jpg, 1
IMG_20180723_124450_jpg.rf.e8fa6e1bc462eb2b332e05590dc828b0.jpg, 1
IMG_20100101_031126_jpg.rf.e888c92d741862ed6aef11e256eff6d8.jpg, 1
IMG_20180724_121243_jpg.rf.e8c4fb1adc66079a241c35032f0cf1e5.jpg, 1
IMG_0026_JPG_jpg.rf.e918efd4c5a18d5b3e1a4db9f378cfee.jpg, 1
IMG_20180723_151534_jpg.rf.e86bee618803118d7337d9224cdbf1f5.jpg, 1
IMG_20180723_122828_jpg.rf.e92c8eea0a3f78749cad6eb0dc834f8b.jpg, 1
IMG_20180724_150928_jpg.rf.e92032dd028713e8d63f7edc62b0a91d.jpg, 1
IMG_20180810_090309_jpg.rf.e9b5dda5b52c99d809c52b55aff434e5.jpg, 1
IMG_1311_jpg.rf.e97c8598d084d948360068b960fc938f.jpg, 1
IMG_20100101_031702_jpg.rf.e9e3bcbadfec785a4da1edbc6106d600.jpg, 1
IMG_20180723_151534_jpg.rf.ea43e3e5fa7381de1c123169caa1ff4c.jpg, 1
IMG_20180719_124442_jpg.rf.ea4b15a81e8632cbc59496115e0f743f.jpg, 1
IMG_20180721_090259_jpg.rf.ea667cb12a60b7193de79562cb725595.jpg, 1
IMG_20180719_143637_jpg.rf.ea98da8d5774ac92ddee5fd2fd93d5da.jpg, 1
IMG_20180719_124805_jpg.rf.e872e0d7869c3bab4b40e4ba75e59800.jpg, 1
IMG_20180724_122345_jpg.rf.ea5906f4fa64318463a02fc70c25d8df.jpg, 1
IMG_20180713_111517_jpg.rf.ea77380bf4ca77c73a59cd462c3f0254.jpg, 1
IMG_20180724_120949_jpg.rf.eaa9ce5a80137d5150351288d8dfbead.jpg, 1
IMG_20180719_125049_jpg.rf.eaad44086ccc5bb6b190c170bb5e0a5e.jpg, 1
IMG_0034_JPG_jpg.rf.eadb632e91f53867b08b4d3c8f6d08b1.jpg, 1
IMG_20180724_124150_jpg.rf.eaa53be068fafdeecd5b691534a1980f.jpg, 1
IMG_20180726_122206_jpg.rf.ead8d938f4b407e50c808970695b3417.jpg, 1
IMG_20180725_122106_jpg.rf.ebc6cb1a0078a0394ab3a3910f943c15.jpg, 1
IMG_0039_JPG_jpg.rf.ebb5c3843bcc4f933d925b51a8cacf25.jpg, 1
IMG_20180724_121017_jpg.rf.eb8d39aa3a0624e7f3a1f8e210f6b55d.jpg, 1
IMG_20180811_083713_jpg.rf.eb78e8d42aceca64fe70e5aca1077a47.jpg, 1
IMG_20180723_123653_jpg.rf.ebec5009d15400b4947c99e328a3d84d.jpg, 1
IMG_20100101_021624_jpg.rf.ec4c497ebe2900e3b4905c420e5f3ef0.jpg, 1
IMG_20100101_032203_jpg.rf.ec1eaded4905238c30914b14f6edac9c.jpg, 1
IMG_20180723_122641_jpg.rf.ec62a0026a75b081eca9ecca7ff120cf.jpg, 1
IMG_20180717_104631_jpg.rf.ec66f6c0562c8ef6a28b8430ab93c606.jpg, 1
IMG_20180724_120932_jpg.rf.ec37962f1f9cf43108bd581ddd20cca1.jpg, 1
IMG_20180724_124150_jpg.rf.ecd341d34c3684cc95df80f18b2ecece.jpg, 1
IMG_20180811_083951_jpg.rf.ecd0a5b09df4217ebcaa9d149c4ae7cc.jpg, 1
IMG_20180720_142912_jpg.rf.ed033175f116140997e52c7cc823496a.jpg, 1
IMG_20180726_122332_jpg.rf.ed429016f3956df83d3a707bce5a5bc1.jpg, 1
IMG_20100101_021949_jpg.rf.ed218c1abb9dcc1af621b0f10d6110d3.jpg, 1
IMG_20180725_114849_jpg.rf.ed92e4ca8109e834680df7a53ddcd2d7.jpg, 1
IMG_20180720_142536_jpg.rf.ed951dcb36052816f659560c79be36bc.jpg, 1
IMG_20180714_105115_jpg.rf.ed86a6df1c1a9b7c25f1d78ae1a19c42.jpg, 1
IMG_20180720_124029_jpg.rf.ed4ebb9938d3a07085a3afe2c1141ed5.jpg, 1
IMG_20100101_031126_jpg.rf.ed0107de8b27a4417c2ae7d53f063f69.jpg, 1
IMG_20180720_142536_jpg.rf.eda41de06a3cc1e9d7f4a1068b65eaab.jpg, 1
IMG_20180810_090804_jpg.rf.eda9806c78f967dac676969bd26f8817.jpg, 1
IMG_20180810_085645_jpg.rf.edc660aa62b5e1f1a35f8a767b77c104.jpg, 1
IMG_20180724_123723_jpg.rf.edd9231628f5e0d08ebd19964eaaabe7.jpg, 1
IMG_20180721_090127_jpg.rf.ee27e380a021aa466e786fa05e432c95.jpg, 1
IMG_1237_jpg.rf.ee3c8592658e578137493b954c5c79e3.jpg, 1
IMG_20180713_111419_jpg.rf.ee28aa5b8de48c53c5d50931f08e7ba8.jpg, 1
IMG_1255_jpg.rf.ede445f7419dfe496229bbab1b55587e.jpg, 1
IMG_20180723_123830_jpg.rf.ee3cf21e2c266040ca6ccae8e2ea9072.jpg, 1
IMG_1284_jpg.rf.ee6cb243af07a46fb3233d8b1aafff7c.jpg, 1
IMG_20180725_115024_jpg.rf.ee639d0a546289484a5ab7c897b1ca53.jpg, 1
IMG_1262_jpg.rf.ee5a9a508803246e952bf51deabf1061.jpg, 1
IMG_20180723_151417_jpg.rf.ee76388f85b80b8a5bea541a9fae5392.jpg, 1
IMG_20180719_124405_jpg.rf.eec1179c1f63f460456c684a1d4d2d43.jpg, 1
IMG_0136_JPG_jpg.rf.ee87c571ac33c5a46856a7a78f10366e.jpg, 1
IMG_20180723_151713_jpg.rf.eeaab8802be038729adf6b5d5fe551f2.jpg, 1
IMG_20180720_143252_jpg.rf.eeeed966b4e364ce0909ee2f271a9300.jpg, 1
IMG_20180723_150147_jpg.rf.eec69c9b132998718d0b3cdaebc7ab4d.jpg, 1
IMG_20180719_124213_jpg.rf.eed09197081157b8cb8903719f49a3b1.jpg, 1
IMG_20180725_120256_jpg.rf.ef00d89b55b9a82247a21a9588c4e79b.jpg, 1
IMG_20180720_124234_jpg.rf.ef96dfd2eb5e4d071fb41fb4b8ee8c7a.jpg, 1
IMG_20180723_124233_jpg.rf.ef097f1ef1d967874955f1ee212aa4dd.jpg, 1
IMG_20180713_104842_jpg.rf.ef96ef07c9a1dff704063b5bda72cf3e.jpg, 1
IMG_20180723_123317_jpg.rf.efc2f8644592a405d2a33a28a2b74954.jpg, 1
IMG_20180724_121334_jpg.rf.eff2e791f64c84d263d2876a84903609.jpg, 1
IMG_1285_jpg.rf.efa526114b16bf5a2fcedaf70b291c2a.jpg, 1
IMG_20180723_122347_jpg.rf.ef55960fa95eae284954f63ed324d74c.jpg, 0
IMG_20180725_122527_jpg.rf.efc3d42c0d234cf5a33a6d8f2da7fb5a.jpg, 0
IMG_20100101_030741_jpg.rf.f019e144836a11fc9b9c9b1c186042a7.jpg, 1
IMG_20180724_121759_jpg.rf.f00f6484a29027d3a61afdceecfe4d56.jpg, 1
IMG_20100101_032210_jpg.rf.f029890227faeba03c9eede78d31693c.jpg, 1
IMG_20180724_123542_jpg.rf.f025af6e7edf528211aa60ecd8f062e2.jpg, 1
IMG_20180720_141952_jpg.rf.f0a85afad92748011fe6722eeb5e5cd2.jpg, 1
IMG_20180725_114228_jpg.rf.f0eeb5ddde42507576b1b82787bf847a.jpg, 1
IMG_20180725_121211_jpg.rf.f0ff6ba8c39ce0f45db10b91657de7ac.jpg, 1
IMG_20180724_123708_jpg.rf.f12cdfc2b020824626533d93bb432115.jpg, 1
IMG_20180810_092905_jpg.rf.f138fe4b1ac97de66299dd20be4e0eb9.jpg, 1
IMG_20180723_122404_jpg.rf.f089d7035b1f1f92c532a863f5a865d4.jpg, 1
IMG_20180714_102623_jpg.rf.f1097ab82fe6c17ad6b4102080465f03.jpg, 1
IMG_20180714_102729_jpg.rf.f13b23baa0ed0021a09142c7bb86c8fd.jpg, 1
IMG_20180810_092143_jpg.rf.f1522d28c37dd6f7e24cb4cf7ca370b1.jpg, 1
IMG_20180724_123638_jpg.rf.f1926fdf4a3bac133697113f59d8877d.jpg, 1
IMG_20100101_031404_jpg.rf.f19499ce90f6813442cfb5038a153874.jpg, 1
IMG_20180724_121759_jpg.rf.f1a47ac1b5ad8a5b7d7288c3de8045b8.jpg, 1
IMG_20180720_143255_jpg.rf.f1cbd69fdf164374543d95c9c9dc6799.jpg, 1
IMG_20180723_123340_jpg.rf.f1d6b236ccf00f1dcf262485e3957c11.jpg, 1
IMG_1296_jpg.rf.f1f9ba79ceeec838f488086de7e71e5e.jpg, 1
IMG_20180713_111517_jpg.rf.f223c22bfa8572c5cc828a18590c6fd7.jpg, 1
IMG_20100101_031918_jpg.rf.f217d4d057fa408410518ae0e76ab2a3.jpg, 1
IMG_20180724_121351_jpg.rf.f1d8b20432911781852a221f7ed3c894.jpg, 1
IMG_20100101_030741_jpg.rf.f2632ae7b9ee26c7c8e0c21f28655b34.jpg, 1
IMG_20180726_123013_jpg.rf.f27d76cbb90a2539a5d398abfe4b466e.jpg, 0
IMG_20180726_122306_jpg.rf.f2a2e86dbdb44a18b44b48a25216fba0.jpg, 1
IMG_20180723_124331_jpg.rf.f2535c4d6ca5b2e517afc4ce380c549d.jpg, 1
IMG_20180724_122823_jpg.rf.f2b59708ec09af85c904ed533567a394.jpg, 1
IMG_20180725_113905_jpg.rf.f2cf1dc199c4b06e86def4d2779bcdf2.jpg, 1
IMG_0056_JPG_jpg.rf.f30f98d576cea33ead800e133a539e50.jpg, 1
IMG_20180811_084250_jpg.rf.f37099a0e2373e3e45f534aa15b1278c.jpg, 1
IMG_20180726_123013_jpg.rf.f3551937751d3c2b1465aeb2d1580f77.jpg, 0
IMG_20180720_142625_jpg.rf.f33afb0619aea4a90003794e39fd7a7a.jpg, 1
IMG_20180714_102503_jpg.rf.f3bade81887c2bba9c0e0d9eefaefae3.jpg, 1
IMG_20180725_114228_jpg.rf.f3cfb9b1865400b37d987cd27c0403df.jpg, 1
IMG_20180723_124331_jpg.rf.f3c48df12d64beecb63ee40f42dea49b.jpg, 1
IMG_20180714_102330_jpg.rf.f3debf60c6344545997c162e37ac0dd3.jpg, 1
IMG_20180725_120716_jpg.rf.f3e2e1e6c526b441df86daf20eba1a28.jpg, 1
IMG_0136_JPG_jpg.rf.f41c6da14bc3628723d7a70407dfd872.jpg, 1
IMG_20180724_121102_jpg.rf.3b6c3220c61932c05258c19a19b2866f.jpg, 1
IMG_20180720_141242_jpg.rf.3b9b3bf28fa46b211ab7517d8b853b00.jpg, 1
IMG_20180723_144939_jpg.rf.3c668e3de95a45325cb072ab041a99b8.jpg, 0
IMG_20180723_123254_jpg.rf.3da38c6e861ad3c2dc4c0d05b3fda264.jpg, 1
IMG_20180724_121832_jpg.rf.3bfec9b3155a83b14e96d1ff2ae6e8f4.jpg, 1
IMG_1288_jpg.rf.3d0c8ef4daa328cb06adfced6f1c92b0.jpg, 1
IMG_20180718_105325_jpg.rf.3c69026dff9ab2cef43a29e789d3bc47.jpg, 1
IMG_20180725_121940_jpg.rf.3cef94d38525182013af1c92309eec94.jpg, 1
IMG_20180723_145753_jpg.rf.3c78d6602bba43f7494d5c087649f8ef.jpg, 1
IMG_20100101_033259_jpg.rf.3df86a2f1e7b43fadf5d091af30cddd1.jpg, 1
IMG_0207_JPG_jpg.rf.3c6873231a3275593587afa4505b4f15.jpg, 1
IMG_20180724_120919_jpg.rf.3b66bf795138dc751d1c580588e196a4.jpg, 1
IMG_20180723_123547_jpg.rf.3d82b729c7349da5c2cc5904a1f29a0c.jpg, 1
IMG_20100101_033537_jpg.rf.3c78a869d4db9735b939e4e0f218e239.jpg, 1
IMG_20180720_142558_jpg.rf.3b715a57c2b19b36532435e04eb49e95.jpg, 1
IMG_20180723_124215_jpg.rf.3de486cb72f3052481f712903d075ada.jpg, 1
IMG_20180717_095534_jpg.rf.3b7a74b09131ba7de50a2fc3a6251318.jpg, 1
IMG_0167_JPG_jpg.rf.3e39f79f7a5e197c3fa3f3b8f77cdd79.jpg, 1
IMG_20180714_103537_jpg.rf.3bacb60f367146371de6adde605c322c.jpg, 1
IMG_20180717_120802_jpg.rf.3d00dfe2d6fd635de1d8dd14fb9547b6.jpg, 1
IMG_20180725_114849_jpg.rf.3bc4625ff16314301f72f21293a0b255.jpg, 1
IMG_20180719_124852_jpg.rf.3e4445a8583e6f30390785393610d834.jpg, 1
IMG_20180811_084012_jpg.rf.3cf3856818bcb80271ee10c42a3a1802.jpg, 1
IMG_20180723_122828_jpg.rf.3cdcf58a726e809568c93523ed2f302c.jpg, 1
IMG_20100101_032415_jpg.rf.3b6d939a7a2c036ef06521ca64cf070e.jpg, 0
IMG_20180719_124812_jpg.rf.3efeee3a37f39f5cc337e848a5035bf7.jpg, 1
IMG_1290_jpg.rf.3ec86758503bc29a6b10231335601c19.jpg, 1
IMG_20180726_122350_jpg.rf.3f0decb15e843ca8a54091a426d24d09.jpg, 1
IMG_20100101_021651_jpg.rf.3e6531470e29025b706590cfe9f3e2db.jpg, 1
IMG_20180714_102617_jpg.rf.3fb3bbd94ff28cd52050d12be7df4bd4.jpg, 1
IMG_20180717_120957_jpg.rf.3fdaefc878b8771a2a8854e2380fb883.jpg, 1
IMG_20180810_091819_jpg.rf.3f50d36475179cf2f4cbbc78f80f610b.jpg, 1
IMG_20180723_122905_jpg.rf.3fce7bdf5e95caba9727aeebdc3cf958.jpg, 1
IMG_20180721_090858_jpg.rf.3ffd4793b71ecbc72e92c1b5dec78598.jpg, 1
IMG_20180724_124414_jpg.rf.406b799b7a4817b678090c721add8830.jpg, 1
IMG_20180724_150602_jpg.rf.3ff7da05a43f8b916589e010686282f7.jpg, 1
IMG_0169_JPG_jpg.rf.40cbea6026882401fd58663da7bc98c6.jpg, 1
IMG_20180720_142131_jpg.rf.402e6ef2abcd235b61c24c7782690b50.jpg, 1
IMG_20100101_030848_jpg.rf.40ace76b7eb780f6c31adcce250d82b5.jpg, 1
IMG_20180714_103103_jpg.rf.409e9de7ac2b803f815d6d2f095c8079.jpg, 1
IMG_20180713_111439_jpg.rf.40dc1cf2f507a0d57d3003f54bb6786b.jpg, 1
IMG_20180810_092208_jpg.rf.4093c337c770d10dafa036df1b1132d4.jpg, 1
IMG_20180724_121229_jpg.rf.40e34bcd661e613a22d0bde15ce8fbde.jpg, 1
IMG_20180724_123619_jpg.rf.40f190c78417d4cd0acaa237d5ab47fc.jpg, 1
IMG_0207_JPG_jpg.rf.40e63dc7588eeb5616939be999d6d6a1.jpg, 1
IMG_20180725_114413_jpg.rf.40fd6115d25a67ac357ebf21d0b689b2.jpg, 1
IMG_20180811_084218_jpg.rf.40f8db52e1f033a717ed945fe52a5d33.jpg, 1
IMG_20180714_102503_jpg.rf.41214dbe06cbb6968f7b05dec74bd890.jpg, 1
IMG_20180714_103949_jpg.rf.4142b115e8e07eac13150be52e18fabf.jpg, 1
IMG_20180810_092230_jpg.rf.410546e7790d242dfa9dd805cc5ecc4d.jpg, 1
IMG_20180714_104443_jpg.rf.4176023e87ecf80ea84d9148b2fbfd7a.jpg, 1
IMG_20180811_084419_jpg.rf.414bf163b92ff53718bf1322a5a75a98.jpg, 1
IMG_20180720_141242_jpg.rf.41d36c73439bdf4960530f700bd940dc.jpg, 1
IMG_1242_jpg.rf.41c472a330b59941e5d2d9ba676a3255.jpg, 1
IMG_20180723_122952_jpg.rf.419e4849d686d121e03de6393f00c443.jpg, 1
IMG_20180724_121759_jpg.rf.41482d2fef81d56cb94463264eaad64d.jpg, 1
IMG_20100101_021505_jpg.rf.41ae4faf20c62b0f2ba3c53049187f58.jpg, 0
IMG_20180717_143333_jpg.rf.423ea7bf0dcca9febb778121062aeebf.jpg, 1
IMG_20180811_084321_jpg.rf.420fe460e4fb200980fb462032d6d3ff.jpg, 1
IMG_20180724_150952_jpg.rf.423a84e36cac7461f5307d5a23a4f774.jpg, 1
IMG_20180723_144845_jpg.rf.425c184ce998591a0176ce66394bb869.jpg, 1
IMG_20180725_121228_jpg.rf.42b875d30dd1ef42b4d74d98d95dc382.jpg, 1
IMG_20180724_121113_jpg.rf.42c0c14b54a91d3fd001a4421ea55bc4.jpg, 1
IMG_20180719_125134_jpg.rf.42d61d1aa29001382d4399f1f168981c.jpg, 1
IMG_1286_jpg.rf.4293ec061e8ff1d121ef1890377f9beb.jpg, 1
IMG_20180721_091207_jpg.rf.42e207049b870879efbc99ddc1e6e85e.jpg, 1
IMG_20100101_031717_jpg.rf.430a49b9ed8e9cb63143454ca6feaed1.jpg, 1
IMG_20180725_121211_jpg.rf.4325886eef0a2ffd8b89a0dac374bf19.jpg, 1
IMG_20180723_124904_jpg.rf.43496f46a6095a9e86c7716b35243ee0.jpg, 1
IMG_20180723_122614_jpg.rf.43524cb7c457655143ef213450d7059e.jpg, 1
IMG_20180714_105117_jpg.rf.430c9263cd348129be53fba3206575c5.jpg, 1
IMG_20180717_144253_jpg.rf.43174f4ae14be989a4745691e4e04f11.jpg, 1
IMG_20180714_105021_jpg.rf.4353fe626abd8976e09ed363c15f17a3.jpg, 1
IMG_20180720_123624_jpg.rf.43c00846f62f7989682dc621c51aa515.jpg, 1
IMG_20180724_121553_jpg.rf.436260b4e04774e130f754797d825b20.jpg, 1
IMG_20180810_092208_jpg.rf.441462a3d6a3fda9de0d34bf331797c6.jpg, 1
IMG_20180714_103024_jpg.rf.43668d656f71ce68c1006adf0a570fb5.jpg, 1
IMG_20180723_123534_jpg.rf.43ba04b089a599dbbbe3ebb94cb2b6c2.jpg, 1
IMG_20180810_092236_jpg.rf.44242a8e6ca81e9d48488624b3948f8a.jpg, 1
IMG_20180720_141709_jpg.rf.4454fb1c687e4e9ee6d28ce7a517eb47.jpg, 1
IMG_20180720_123624_jpg.rf.4443b7f64c32b9ceb7a1070a7bc61c2a.jpg, 1
IMG_20180717_121240_jpg.rf.43c5b22f65511d0460dae92f4405f906.jpg, 1
IMG_1233_jpg.rf.446ec3b586c2defbdc5176fca9c73f87.jpg, 1
IMG_20100101_021749_jpg.rf.4453516a933c718816649ff5537caf51.jpg, 1
IMG_20180719_124953_jpg.rf.4458f6358067620de008631dd66e6bb7.jpg, 1
IMG_20180724_121629_jpg.rf.44b4144ffb981e2418c17ad5a07e4e04.jpg, 1
IMG_20180720_142038_jpg.rf.44ecfc8fb128edf613c8b594ed169650.jpg, 1
IMG_20180726_122542_jpg.rf.44eab95abfea6ee5033b8fccabf77716.jpg, 1
IMG_20180719_143919_jpg.rf.44e32954e2a7f7d41e0f9ebd73178f90.jpg, 1
IMG_20180723_150704_jpg.rf.45423e5d456ee83d877175bf6bbe4ab4.jpg, 0
IMG_20180720_143100_jpg.rf.454de984a1ce6a075e9b714ed9c881ee.jpg, 1
IMG_20180714_103038_jpg.rf.455b63ab0e6055d792321061cfd9dc9f.jpg, 1
IMG_20180719_124458_jpg.rf.452dc44a6f5084630ecf9dc599b5c97f.jpg, 1
IMG_20180719_123622_jpg.rf.459cf79dead0b72d0cc33a1af47bef34.jpg, 1
IMG_20180720_124457_jpg.rf.456ce1effb64f53f97a999941f7ebd3e.jpg, 1
IMG_20180721_091524_jpg.rf.45aad3d6eff24f39fe53903bcfb94182.jpg, 1
IMG_20100101_032707_jpg.rf.45f2d02157f9ee0226a0ea11341355f2.jpg, 1
IMG_20180726_122542_jpg.rf.455c04ceafdc55c4031e02688321e0b5.jpg, 1
IMG_20180724_123708_jpg.rf.462a40093a0a54e3463ad63cbdf204c7.jpg, 1
IMG_20180725_122345_jpg.rf.462eb677960dc97594dfaf54ced6408e.jpg, 1
IMG_20180720_124553_jpg.rf.466407e7ba90ae6b8feb8e5a5960d940.jpg, 1
IMG_20180724_122513_jpg.rf.46cdf6c61b2695f702f692b2ad80c63c.jpg, 1
IMG_1246_jpg.rf.470431856fd011a9fff2c97c5872918b.jpg, 1
IMG_0061_JPG_jpg.rf.46d7eefeb9a676dde11dad52af1f7cdf.jpg, 1
IMG_0204_JPG_jpg.rf.46eaf1b26f7a9cd13479f4070f07f475.jpg, 1
IMG_20100101_021949_jpg.rf.47111fc4b31206dd7ec2d1943da235c5.jpg, 1
IMG_20180719_143217_jpg.rf.47492cf02603763dc9a84cc51b1a6ac7.jpg, 1
IMG_20180719_124812_jpg.rf.47c747410635fccebf495d13ff33da18.jpg, 1
IMG_20100101_021455_jpg.rf.471a8dce56028b8bbc9cac63e9f6418c.jpg, 1
IMG_20180725_122016_jpg.rf.4811e1c33172eb50afd0d842187fc451.jpg, 1
IMG_20180807_083115_jpg.rf.47cdc61f809580554c53749b8962480e.jpg, 0
IMG_20100101_022658_jpg.rf.47c891d52407cc46c764b252f2593360.jpg, 1
IMG_20180723_123952_jpg.rf.481a576f2a197ad5b33e0744ee4fec7a.jpg, 1
IMG_20180724_123530_jpg.rf.48530d94276762baec40c042d9697809.jpg, 1
IMG_20180723_145753_jpg.rf.486212cf1974eed03325ce8c5fd7a3dd.jpg, 1
IMG_20180717_121839_jpg.rf.482327dc695d4d69d18e350a582bed1a.jpg, 1
IMG_20180723_124020_jpg.rf.48ce1547c71bc56e7c236bd80dfa4869.jpg, 0
IMG_20180810_093312_jpg.rf.4800eb4e661f929043094835a90f824e.jpg, 1
IMG_0035_JPG_jpg.rf.48afaa8235cf1dc66667c999f4fabfcb.jpg, 1
IMG_20180723_144845_jpg.rf.497fca0f1b370a41405315c52ea76eb4.jpg, 1
IMG_20180724_125116_jpg.rf.4878fac7f3a0c196f81f898cef72ece3.jpg, 1
IMG_20180720_142509_jpg.rf.49f4548a7f177a2b077b80b093eb5877.jpg, 1
IMG_20180714_102511_jpg.rf.49b52bb96a6bb3459900c904368a3bb3.jpg, 1
IMG_20180720_124123_jpg.rf.4a0555f49e3c7df6f9bc88b316268441.jpg, 1
IMG_20180724_124339_jpg.rf.4a0cee971a9721bf6871f497d146aa95.jpg, 1
IMG_20180811_084200_jpg.rf.4ab7f02a80b8002e1471cbc8f443547c.jpg, 1
IMG_20180723_145624_jpg.rf.4a26898456ad6bebbfeb46ff7688add8.jpg, 1
IMG_20180717_143333_jpg.rf.4a3b1a8d77a64848d3a78e7e2390b682.jpg, 1
IMG_20180723_124259_jpg.rf.4a51824f83995c40678d62e1d9945796.jpg, 1
IMG_20180811_084236_jpg.rf.4af6dd1cb105212b3eaaf44ddf1b725a.jpg, 0
IMG_20180725_121405_jpg.rf.4ae258166b4ad6ef50469c1a046fb947.jpg, 1
IMG_20180725_115203_jpg.rf.4b246d6c2b20762014e1520d96089f72.jpg, 1
IMG_20180726_122306_jpg.rf.4afd226c458ad0596aa821175d630eeb.jpg, 1
IMG_20180720_142536_jpg.rf.4b4bd22d6b888d73352eeaded90d88a0.jpg, 1
IMG_20100101_021624_jpg.rf.4b38c4bec0c8e040c43c0a197a95dee6.jpg, 1
IMG_20180720_142708_jpg.rf.4b3a7aeae756b103e91277581e9e11c7.jpg, 1
IMG_1256_jpg.rf.4b7bd7da76ccc10ec17ca9e614e7ce6f.jpg, 1
IMG_20100101_032407_jpg.rf.4b5fabda89e7b7f5d9b5877e8091c651.jpg, 1
IMG_20180724_122650_jpg.rf.4b2c1ee81ddba5912692bb15f2a54c5b.jpg, 1
IMG_20180723_122905_jpg.rf.4bc4e9b0efc96365ab15e887956432c5.jpg, 1
IMG_20100101_022957_jpg.rf.4be6466e3f260b839dd630a56d781aea.jpg, 1
IMG_1294_jpg.rf.4bf82b947ff041fb2f4948d0ba51a6ca.jpg, 1
IMG_20100101_033637_jpg.rf.4c8e30b42585d9b6ad2fd63dfdcb7fbf.jpg, 1
IMG_20180724_124557_jpg.rf.4c35704020aeaa7939a26f4f1e599aef.jpg, 1
IMG_20180723_150104_jpg.rf.4bfd5d14234e70b42f35cffb84fca682.jpg, 1
IMG_20180720_142846_jpg.rf.4c0043b4396a7ef3736c486671b276e6.jpg, 1
IMG_20100101_031744_jpg.rf.4ca704ccd5664a3a33c8c85e775a3e45.jpg, 1
IMG_0061_JPG_jpg.rf.4cfefe0e30a97a84c78e9bdbf2b6afe3.jpg, 1
IMG_20180723_152239_jpg.rf.4ca38fd0618b6c8e1fe4929b1be0430d.jpg, 1
IMG_0035_JPG_jpg.rf.4d7548e426de33ef61fe62a0f5064f45.jpg, 1
IMG_20180721_090127_jpg.rf.4d3a24fe464da776805148e55483ad87.jpg, 1
IMG_0166_JPG_jpg.rf.4d4135e6abb2c92ed29a30268ce0ecae.jpg, 1
IMG_20180725_122527_jpg.rf.4d949343ae4f0faaab38e52a91b958ac.jpg, 0
IMG_20180723_124450_jpg.rf.4dd6b38233a2f4932bec48c4f6ac10d1.jpg, 1
IMG_20180724_124810_jpg.rf.4d81d04e463d9a62c4616326ee71c3a6.jpg, 1
IMG_20100101_032130_jpg.rf.4dd9bb2ec6402bcef0587b18eea5df45.jpg, 1
IMG_0221_JPG_jpg.rf.4e3224e15e6f8f677747dabc173cbd6f.jpg, 1
IMG_20180720_143002_jpg.rf.4dda7b11960bf27694f2f78be6593818.jpg, 1
IMG_20180723_145326_jpg.rf.4dce50ec548a2db92f795f27012cb169.jpg, 1
IMG_20180719_123656_jpg.rf.4e1d911b9fa1d8f822320f299e8dbc15.jpg, 1
IMG_0034_JPG_jpg.rf.4e38ce75e5daacc9b0bca5cc05e01114.jpg, 1
IMG_20180724_122513_jpg.rf.4e06088e7ca19a845bb2b437a7fc5f9e.jpg, 1
IMG_20180723_145150_jpg.rf.4e85d9102cb8ec386b9ada0cea8491f3.jpg, 1
IMG_20100101_031404_jpg.rf.4e63e7ac4274cafdf1e78292f4a0855e.jpg, 1
IMG_20180811_083513_jpg.rf.4eac54d85f90e78fdaa09b0d474b576e.jpg, 1
IMG_20180719_143627_jpg.rf.4ee13ce9f201aa4bc4bc752a0112ea53.jpg, 0
IMG_20180723_122515_jpg.rf.4ec0bc05aef89b762d2bb7848400edc1.jpg, 1
IMG_20100101_032147_jpg.rf.4f222b451c621de6b340b1128df9919e.jpg, 1
IMG_20100101_022529_jpg.rf.4ed04dee49a04ad482085fceb0452b7e.jpg, 1
IMG_20180717_121631_jpg.rf.4f5ef972b5ff5d2a59c705f168f5be46.jpg, 1
IMG_20180810_092905_jpg.rf.4f5d3fa0f3fc7fba42cb2c05897b3508.jpg, 1
IMG_20180714_095301_jpg.rf.4f98fdcfe67c586b8607497de58ce996.jpg, 1
IMG_20100101_030359_jpg.rf.4f688858e4538acff36b1ef72bf50489.jpg, 1
IMG_20180721_090527_jpg.rf.4fbe7e1f9547dd3a773c27fadeef3cc4.jpg, 1
IMG_0167_JPG_jpg.rf.4fce484c056eaf41b21224639c037063.jpg, 1
IMG_20180723_150147_jpg.rf.4fd148e02d06224e03943940d7a92b2a.jpg, 1
IMG_20180717_095822_jpg.rf.4fe97db66f91721201e61e44ceddc52c.jpg, 1
IMG_20180724_124548_jpg.rf.505a72479d513ef47451a05452c8db05.jpg, 1
IMG_20180714_102521_jpg.rf.5024122516304b841f2f667c6bdf5e88.jpg, 1
IMG_20180717_104224_jpg.rf.5037ed48f9723cf677632bd7b72de928.jpg, 1
IMG_20180811_084419_jpg.rf.50962c79fee027bc889c3e5911178cc7.jpg, 1
IMG_20100101_031918_jpg.rf.50533bbab6446fcaf51a0e475983ecc5.jpg, 1
IMG_20180724_124521_jpg.rf.50a83f6b1c75bf28093e83de38d6763a.jpg, 1
IMG_20180723_151713_jpg.rf.506d36abd25b2599411cc4d18b760561.jpg, 1
IMG_20180811_083552_jpg.rf.5116b235887885e68bbaea33f1623d9f.jpg, 1
IMG_20100101_031423_jpg.rf.51ba9d5283a229e21ad5d411476c342d.jpg, 1
IMG_20180723_124020_jpg.rf.50c8f5f2295cba08716a9adba1b41ab2.jpg, 0
IMG_20180723_151417_jpg.rf.516fc815ed0af81af877ed462d9f1876.jpg, 1
IMG_20180724_121206_jpg.rf.50cf58ff9bae8172e301e7f17f5a41bb.jpg, 1
IMG_20180717_121822_jpg.rf.51f2b8e3ed0e73c275a5f5cee3c23101.jpg, 1
IMG_1228_jpg.rf.52750af146805a88b71f62ffe056e47c.jpg, 1
IMG_20180720_142814_jpg.rf.52394ff93e9d6f6fc106b1971981f898.jpg, 1
IMG_20180811_084236_jpg.rf.522ac4fbf000516b0b040451cacdeb75.jpg, 0
IMG_20180714_103303_jpg.rf.528ece486c628c939aa4df3f7afc7df7.jpg, 1
IMG_20180721_090244_jpg.rf.52f13ab3236cf0c2d2478f5c5f51b696.jpg, 1
IMG_20180811_084250_jpg.rf.5311844be654e387463f5596d9eaf818.jpg, 1
IMG_20180810_093312_jpg.rf.535bab7cb8be9fb5c07f3a0653e9ad20.jpg, 1
IMG_20180719_142041_jpg.rf.530c29198bbb133943d3ce39ee5ebe81.jpg, 1
IMG_20180724_123557_jpg.rf.5333998de1125e2df070527aa9ecf992.jpg, 1
IMG_20180723_123906_jpg.rf.537ab69a3456983dc796c0aa108fb545.jpg, 1
IMG_20180724_124135_jpg.rf.5382866d3971498db5011a8afb4a473f.jpg, 1
IMG_20180723_124643_jpg.rf.540b594f196d4822a65d39b0d797ad3f.jpg, 1
IMG_20180811_083535_jpg.rf.53e538c93a2ce07d7c9b1e3a1bf61383.jpg, 1
IMG_20100101_031811_jpg.rf.540a8d0491651352486bf26e3cc1574e.jpg, 1
IMG_20180723_123638_jpg.rf.547db56a4ea022fa992010fab22189db.jpg, 1
IMG_20180810_090555_jpg.rf.54f23c5df61433da3b746bb9d2daa494.jpg, 1
IMG_20180723_123638_jpg.rf.54a42ac67212ee06e0fc4b1a08674c44.jpg, 1
IMG_0089_JPG_jpg.rf.54df5fffefb282c8739289c630f7b95c.jpg, 1
IMG_20180723_145104_jpg.rf.54f81eb5083240e3ad5db4bd067d81e6.jpg, 0
IMG_0031_JPG_jpg.rf.55021d822059cdfc4ca22fe2c672a657.jpg, 1
IMG_20180725_114304_jpg.rf.5599cb9f9cc99e1c511fe4dbe2c7f387.jpg, 0
IMG_20180723_124338_jpg.rf.55248728208116edc6e302335890fef8.jpg, 0
IMG_20180723_124233_jpg.rf.5580c51da086a99c0eedbeb034803f9d.jpg, 1
IMG_20180720_123651_jpg.rf.55c84c5619c655c25def221e50042d70.jpg, 0
IMG_20180723_124215_jpg.rf.5642da956be7ddba9439876bd482519e.jpg, 1
IMG_20100101_032219_jpg.rf.56495046da66a3db6bdee7dc50be9b3b.jpg, 1
IMG_20180717_095144_jpg.rf.55fc61951a88bea3e8ab786b0939e82f.jpg, 0
IMG_20180724_123854_jpg.rf.569924be9c515cdbca9a4de9dce51337.jpg, 1
IMG_20180723_124006_jpg.rf.56578aab13a9b17e56d879587091e3bf.jpg, 1
IMG_20180723_123154_jpg.rf.56bcddfa948d38deb5a2ecf3674e0e27.jpg, 1
IMG_20180720_142751_jpg.rf.56ce9c133e8c3464788fe2b498757d5c.jpg, 1
IMG_20180714_103542_jpg.rf.56d61cd106c2dd5b26932d7083114046.jpg, 1
IMG_20180719_143637_jpg.rf.56eef9c49d4a7021680479568699e2de.jpg, 1
IMG_20180725_121228_jpg.rf.5709cca560a3a13181fb6d0303d76a48.jpg, 1
IMG_20180713_111359_jpg.rf.56f8c61c02da3ef445dcb31057560048.jpg, 1
IMG_20180714_103808_jpg.rf.576df6370719f691c1a4fa4249634049.jpg, 1
IMG_20180721_090342_jpg.rf.5754e7247882d2bbf6dc66a36f2821b8.jpg, 1
IMG_20180723_123134_jpg.rf.5760280c1c72575ad02b8b0491c11850.jpg, 1
IMG_20180723_123154_jpg.rf.573f4c7f2d38a6efe65404d34bdb10f4.jpg, 1
IMG_1251_jpg.rf.57e9432532675ea40bff1c3334d38b8a.jpg, 1
IMG_20100101_022957_jpg.rf.57fbcc4d98cc5899522ea4d8850f311c.jpg, 1
IMG_1242_jpg.rf.57b2b6ac935c63b81e7fbb43cf1fd76c.jpg, 1
IMG_20180721_090352_jpg.rf.58c2dbb915fa34c51b14c7a1b048d5f7.jpg, 1
IMG_20100101_021826_jpg.rf.582821b546dc23bfd7a1cf8fdaa3311c.jpg, 1
IMG_20180724_123610_jpg.rf.58148d65926d20f4a1c1ea8c893eb7d0.jpg, 1
IMG_20180724_124332_jpg.rf.58ae93792dcd1e80180c9a1a6d7e7d60.jpg, 1
IMG_20180811_083925_jpg.rf.588c0c15d3949eea121719579bba2b09.jpg, 1
IMG_20180720_142111_jpg.rf.58c6773ea8a4f2e5ce4086b6b0a943f0.jpg, 1
IMG_0020_JPG_jpg.rf.58e9eb010017ae4f53e2322d1376caf3.jpg, 1
IMG_20180720_143051_jpg.rf.599b5d99081a8180725c691f645e9efe.jpg, 1
IMG_20180725_122106_jpg.rf.59ceb3d7e78e0907d7935716dd95a4a6.jpg, 1
IMG_20180713_104900_jpg.rf.59e264d5d149216e6b6f655220a5c534.jpg, 1
IMG_20180723_124712_jpg.rf.59c40a6b2fde5a3d492e2e6d25c1fa36.jpg, 1
IMG_20180723_145811_jpg.rf.59489818c7f56e7c06780f7fcaa3c124.jpg, 0
IMG_20180714_103621_jpg.rf.59c98176f52ab7161e00e998f7632c79.jpg, 1
IMG_20100101_032203_jpg.rf.59c1b3321ef1bfe25a41255d07046faf.jpg, 1
IMG_20100101_021949_jpg.rf.5a2236216cfd1b6e9ae5e21d84401b55.jpg, 1
IMG_1299_jpg.rf.5a22eabf1b691d36b16a9d7b543fbd42.jpg, 1
IMG_20180718_105325_jpg.rf.5a0f58f36e0955b227bb8870e069326b.jpg, 1
IMG_20180719_124458_jpg.rf.5a6131f5df2ff55cb2a15d4e1c568815.jpg, 1
IMG_20180724_123638_jpg.rf.5a2fad3b9f0548659447a371234a4d7b.jpg, 1
IMG_20180720_123409_jpg.rf.5a554479e1708110c4902da414610cfe.jpg, 1
IMG_20180724_120932_jpg.rf.5a4fa341d7104ee24719dfdf67e85aea.jpg, 1
IMG_20180719_143217_jpg.rf.5ae1fa104d07d3eef8696683046dadb4.jpg, 1
IMG_20100101_021826_jpg.rf.5a743be128a4325835f7e4c22fbb8802.jpg, 1
IMG_20180720_141225_jpg.rf.5ac9789243a2a7329450287a9254da39.jpg, 1
IMG_0225_JPG_jpg.rf.5b20c52162388788939a25a284036dc7.jpg, 1
IMG_20180724_124738_jpg.rf.5ad1c5dd9583faa0f886ea668cbaf4f8.jpg, 1
IMG_0167_JPG_jpg.rf.5b615d3ffbe87632ea6fcd5439b29ddf.jpg, 1
IMG_20180724_122534_jpg.rf.5b369b76dbcac0380756469013684f60.jpg, 1
IMG_20180725_113901_jpg.rf.5b70f63a6a3b37683f104db9a16531f7.jpg, 1
IMG_20180719_142223_jpg.rf.5b9d81ad6d1c53caad5a627ac953b393.jpg, 1
IMG_20180720_142202_jpg.rf.5baf27cafe1343de2881a89f8347134b.jpg, 1
IMG_20180724_125230_jpg.rf.5b8606d1fd346ecb2e48265a57d46716.jpg, 1
IMG_20180724_122446_jpg.rf.5bbf50971ccb21a790cb67efb101d690.jpg, 1
IMG_20180723_123106_jpg.rf.5bf18be056738ee661de1f97afb82dca.jpg, 1
IMG_20100101_033158_jpg.rf.5c48a6b6282ffa894e95076eb412438d.jpg, 1
IMG_20180720_124320_jpg.rf.5bdb9e92a3eb76dbf7ec8dc7f2656bed.jpg, 1
IMG_20100101_032707_jpg.rf.5bc815d2a3c376eee6d864c040927c2f.jpg, 1
IMG_0063_JPG_jpg.rf.5c816fa7f518baee1d1025d7c8a2c8cb.jpg, 1
IMG_20180811_083847_jpg.rf.5c68e1efadc6f4dcf9d5278d49b6296b.jpg, 1
IMG_20180713_110059_jpg.rf.5c72d8b2a46b16c7dc584b15f24e1ee9.jpg, 1
IMG_20180723_151417_jpg.rf.5ccb7d6929c26bcf6f320ce7e9e87c3d.jpg, 1
IMG_20180724_121957_jpg.rf.5ce5636d8aa8da2651b8a1bfc93707bb.jpg, 1
IMG_0229_JPG_jpg.rf.5c6881c0d4c3fac6e6f14c0ce5dc5e03.jpg, 1
IMG_20180725_115203_jpg.rf.5cb87c6f476afde207445c87902b0b3a.jpg, 1
IMG_20180810_092900_jpg.rf.5d169015bb583432f7cc69466497a321.jpg, 1
IMG_20180724_121629_jpg.rf.5c924d1f884f7eee1838025da792803e.jpg, 1
IMG_20180810_092900_jpg.rf.5d38171072d9750cd05ee28788ce2b71.jpg, 1
IMG_20180719_125528_jpg.rf.5d5adb6ad346914a0e5eeb45e323a972.jpg, 1
IMG_20180811_084250_jpg.rf.5df8dd7ec33e8553145dfe2bbfe151d9.jpg, 1
IMG_20180724_124946_jpg.rf.5df68119368af6fdb1251a6a68dfd17f.jpg, 1
IMG_20180719_142041_jpg.rf.5db08311592337122a7e127f56731258.jpg, 1
IMG_20180721_090047_jpg.rf.5e0fcfc275e4dd4331b2b115b5d168b8.jpg, 1
IMG_20180713_110542_jpg.rf.5d2e57adb591c08840c69be420921994.jpg, 1
IMG_20180720_124211_jpg.rf.5e1a2e62106ba5f5ba914a03ca90c08d.jpg, 1
IMG_20180811_083958_jpg.rf.5e33fb0e0ef223569096c3a38052823d.jpg, 1
IMG_20180724_122327_jpg.rf.5e518f6c9427279b599e31cf04f03803.jpg, 1
IMG_20180717_121240_jpg.rf.5e201644744b8d38c6bd852d663c4991.jpg, 1
IMG_20180714_103621_jpg.rf.5e967fcdcbc1705cdc334b5d77859295.jpg, 1
IMG_20180723_123726_jpg.rf.5e9c51cdce91d961493a6706bfcecd31.jpg, 1
IMG_20180811_083951_jpg.rf.5f0db6a599449272084785349cc3b499.jpg, 1
IMG_20180724_121233_jpg.rf.5eb26dfa6f9d3403b7be4d34a5047dda.jpg, 1
IMG_0228_JPG_jpg.rf.5f1d4b51fca61aeda28f4c20de315bd7.jpg, 1
IMG_20180723_122404_jpg.rf.5e59e079ec5037ae094fb05a33e83a7b.jpg, 1
IMG_20180714_102509_jpg.rf.5eed390d21ef960184a9d7199009d00d.jpg, 1
IMG_20180719_142232_jpg.rf.5f30551b36baa7a5e66295c244672438.jpg, 1
IMG_0130_JPG_jpg.rf.5f3c0ef2f8b48af56a15d5feeaaa61c1.jpg, 1
IMG_20180723_123134_jpg.rf.5f877060d10ee0286e9400e0f136553a.jpg, 1
IMG_20180723_145854_jpg.rf.5f41840d7fb6f892b33ad874c41f31fc.jpg, 1
IMG_20180720_124457_jpg.rf.600d1b1d8762dfd2bfc909ca786c52a4.jpg, 1
IMG_20180720_141749_jpg.rf.5f6e738aa896ba61d9f98d1421985fc5.jpg, 1
IMG_20100101_022226_jpg.rf.5ffb6a5b248af7ce56732236de571894.jpg, 1
IMG_20180719_124442_jpg.rf.601c1fdc0311d0c67b017334175612c6.jpg, 1
IMG_20100101_032941_jpg.rf.600e0c34260056ab3ff2c12296b760e4.jpg, 1
IMG_20180723_123906_jpg.rf.5fcfbb4cacc5e03f63e1053457792192.jpg, 1
IMG_20180723_122444_jpg.rf.5f9f56ab116c74555dfa2e0d3551bd61.jpg, 1
IMG_0076_JPG_jpg.rf.acfab1f8dcae9d24876473d3793b8064.jpg, 1
IMG_1262_jpg.rf.ad2a959748afba118dd6e95fb07a2f5d.jpg, 1
IMG_20180720_142949_jpg.rf.aca0645928018c3a0f832a9a227191a2.jpg, 1
IMG_20180724_124332_jpg.rf.adb219c1d9929a27361508a2929e5b05.jpg, 1
IMG_20180726_122638_jpg.rf.ad502445e8f2cc636742995a8609c27d.jpg, 0
IMG_20180723_145651_jpg.rf.ae0967e27fb5f0cd8b654ed2caee3420.jpg, 1
IMG_20180717_105155_jpg.rf.ac03a23c0fafd1ab47e55e4544cf4efd.jpg, 1
IMG_0078_JPG_jpg.rf.ad7a399b731e2184edd835971b76661d.jpg, 1
IMG_1258_jpg.rf.ad9d59d52163c2db455f71a293e536e4.jpg, 1
IMG_20180810_092957_jpg.rf.ac3bf804ca7c99bc3f3a8f5b2aa8a7e3.jpg, 1
IMG_20180714_095902_jpg.rf.ac065676fcc3e80c2db1a6daa45d8d18.jpg, 1
IMG_20180714_102521_jpg.rf.abed58399aedfc94034c85a7191327c2.jpg, 1
IMG_20180723_123106_jpg.rf.ac3ddd4f8e5942098f6520f5e129ebc3.jpg, 1
IMG_20180719_124008_jpg.rf.adc14207941b9b778bebc279314b5cc0.jpg, 1
IMG_20180713_110546_jpg.rf.adec5d495f56671f2935b3ec671c6931.jpg, 1
IMG_20180810_091819_jpg.rf.ad5c09f2ad827470318836cee41785c7.jpg, 1
IMG_20180725_122231_jpg.rf.adbed23f72082457dccd5038795a7663.jpg, 1
IMG_20180723_123106_jpg.rf.ab8e3ce8aceff4d4d1539ce4146cd15f.jpg, 1
IMG_20180723_145353_jpg.rf.acef03e20cb30ebf5e18af854018dea2.jpg, 1
IMG_20180725_114025_jpg.rf.ac948cc094915f5dabe9bf9ed9be8358.jpg, 1
IMG_20180724_125919_jpg.rf.acc6a9e2530bad8b3f3f8bcdc7f48824.jpg, 1
IMG_20180717_121631_jpg.rf.accd24c14c3e23b01ed8eec97595890f.jpg, 1
IMG_20180721_090858_jpg.rf.ae3daf0cf76e6b49244b81a8a7c27a7d.jpg, 1
IMG_20180720_143051_jpg.rf.adaf3c5701209661c96d620079e2c725.jpg, 1
IMG_20180721_090007_jpg.rf.acd54dbb0bf0c5069ad8711788085e40.jpg, 1
IMG_20100101_033551_jpg.rf.ae62e00f53d19f12ad4679001c19d82e.jpg, 1
IMG_20180810_091623_jpg.rf.ae5173a737a4b6ae4d039e8ab08fd0d2.jpg, 1
IMG_20180724_124810_jpg.rf.ae62f71e5e55042e60bb13cfcd488d1b.jpg, 1
IMG_20180724_121006_jpg.rf.ae4c4e14d7998135d7b1562688112427.jpg, 1
IMG_1299_jpg.rf.aedaaab25debaec3731548eaf8cbee76.jpg, 1
IMG_20100101_032407_jpg.rf.ae64935054a55a9f4da97e722a18bcf5.jpg, 1
IMG_20180724_123757_jpg.rf.aeb97d1cbb3b9e5d06205bf963b831f2.jpg, 1
IMG_20180720_143232_jpg.rf.aedcf0695aa638e7860b785c59239acc.jpg, 1
IMG_20180724_121113_jpg.rf.af167cae36f2c07b13b712148b150ed3.jpg, 1
IMG_20180720_143051_jpg.rf.af34d7fea2e25c36856551d67dc94f92.jpg, 1
IMG_20180720_142605_jpg.rf.aee1c9eddcd68117757867546c2480a2.jpg, 1
IMG_20180725_120313_jpg.rf.af4f972f80568e6b881a9c4101b5ef96.jpg, 1
IMG_20180719_143022_jpg.rf.af8cafd21f7addbd6d0f0417073563bd.jpg, 1
IMG_20180811_084135_jpg.rf.afc0b984939a1f147b5da148920635f6.jpg, 1
IMG_20180719_142631_jpg.rf.b010aca0090175be4f9b0eeb3e4c8a5f.jpg, 1
IMG_20180719_142841_jpg.rf.afa964cece24b5de047f0df2d35d4c81.jpg, 1
IMG_20180720_124234_jpg.rf.b0389766c6d310271ee37ab41ff357bb.jpg, 1
IMG_20180723_123340_jpg.rf.b01a1b5de6491481561763f02c72ab72.jpg, 1
IMG_20180724_122123_jpg.rf.b05514bd9b9e1251f159ebf3e4e90e16.jpg, 1
IMG_20100101_022226_jpg.rf.b032a986356772ef2fd1d6ff18831d9f.jpg, 1
IMG_20180810_090521_jpg.rf.b0647e2cb56170796e346bb82df868c3.jpg, 1
IMG_20180724_122601_jpg.rf.b0b568dbfff0f819d8ca9b3008a13a62.jpg, 1
IMG_20180714_102623_jpg.rf.b0a08e227215905d766a7c17c20c499c.jpg, 1
IMG_20180723_145947_jpg.rf.b0a9ab60a395a43a7db0a565798d2707.jpg, 1
IMG_20180724_124738_jpg.rf.b11a497e3eff7339c4c6f175b5d9796a.jpg, 1
IMG_20100101_030741_jpg.rf.b16aa3a2b77a61481e76e249da8a5dd6.jpg, 1
IMG_20180724_122546_jpg.rf.b14b81eb08d1347d539c1deb43b02457.jpg, 1
IMG_20180723_151429_jpg.rf.b0db74f22e063e7a62c5c0b1a2588b52.jpg, 1
IMG_20180721_090938_jpg.rf.b203a0f5608b5aa4d2dc1a5f0d37bfeb.jpg, 1
IMG_20180717_095822_jpg.rf.b1f3b857f26fcdd382482c47479be918.jpg, 1
IMG_20180723_144902_jpg.rf.b188d04d0185c1ea7405410b56d23cb2.jpg, 1
IMG_20180724_150041_jpg.rf.b23bc8bdbf3b53d3ed2c452aaf398568.jpg, 1
IMG_20180723_145947_jpg.rf.b2138996b894743fcea728dbc29a5ba0.jpg, 1
IMG_20180723_124338_jpg.rf.b264b1a99f1a696e66663dc541198700.jpg, 0
IMG_20180724_121905_jpg.rf.b21cba8b489cfbd921f515b3a49ab8fd.jpg, 1
IMG_20180723_122641_jpg.rf.b274dffde4275feb5d62c9f2af847754.jpg, 1
IMG_20180724_121334_jpg.rf.b295a5c8edbb92525a20c1d3bd3806e0.jpg, 1
IMG_20180714_104445_jpg.rf.b2b323b576a487556a78667783348228.jpg, 1
IMG_0228_JPG_jpg.rf.b2a3a855e6549cc402a6a07efa0bd197.jpg, 1
IMG_20180725_122231_jpg.rf.b312a84d1a3b6957afbf465a0db3538d.jpg, 1
IMG_1284_jpg.rf.b32856e3c15dd4ba33342c25eabd5fbf.jpg, 1
IMG_1230_jpg.rf.b338b0c8b92074509a6273636a335a23.jpg, 1
IMG_20180719_124852_jpg.rf.b35af013fb0f38e7fb33420f63705ec5.jpg, 1
IMG_20180717_121631_jpg.rf.b36700a961c4bbdcddd43cc3df54c7ef.jpg, 1
IMG_20180724_145832_jpg.rf.b36b6d80c1e3f0b579376dcc3c583bbc.jpg, 1
IMG_20180719_142853_jpg.rf.b383061a98f4ceb702603f1030673549.jpg, 1
IMG_20180719_124538_jpg.rf.b39870c2f8c40b581523d4fc36a45a90.jpg, 1
IMG_20180713_110053_jpg.rf.b3a02ebfc4cbdfd8d47d1df3bc8cc2f5.jpg, 1
IMG_20100101_021455_jpg.rf.b3fd570ce45a5a2ad8d1c5f55ed60192.jpg, 1
IMG_20100101_031000_jpg.rf.b3a0904f19be777118b42a69ab75120e.jpg, 0
IMG_20180811_083742_jpg.rf.b3ceeaf6e9c3ec5b9521ac8fb78b5f45.jpg, 1
IMG_20180724_121406_jpg.rf.b41af98f164e535048292345b61261f1.jpg, 1
IMG_20180724_120959_jpg.rf.b4b3a16d9b025af5f396306ec94ca995.jpg, 1
IMG_20180724_123854_jpg.rf.b471681fcaa75a6baf142511c7fa38ae.jpg, 1
IMG_20180717_104631_jpg.rf.b46d2f122e0c09a67218acb021dfc606.jpg, 1
IMG_20180714_104445_jpg.rf.b4e15b491ad7293aeda997732b8f42b5.jpg, 1
IMG_20100101_031929_jpg.rf.b4e9a2d964b977383e6dcecd89b3516f.jpg, 1
IMG_0130_JPG_jpg.rf.b440f8b7b7a57c0de35f7fc9fcbd1b1c.jpg, 1
IMG_20180723_152213_jpg.rf.b4e4b41127e87c8d09c50ba547542d42.jpg, 1
IMG_20180724_122823_jpg.rf.b4ef47fe7efd719334a06016dd6a7282.jpg, 1
IMG_20100101_032423_jpg.rf.b4f9505803c75f0c6f7a6108405dd162.jpg, 1
IMG_20180725_120143_jpg.rf.b4fb9d67ae2ef48cbc329c4c7d7ce4c6.jpg, 1
IMG_20180723_122828_jpg.rf.b501c51aa29e6e7c413f020019716f69.jpg, 1
IMG_20180717_123537_jpg.rf.b57569b6e69fbfb1fe90405d14bd7020.jpg, 0
IMG_20180714_102729_jpg.rf.b5f0ced66c125ac00d67ec3655e07f28.jpg, 1
IMG_20180721_091400_jpg.rf.b5dca1e3f65d4fa2412383d534ded99f.jpg, 1
IMG_20180721_091015_jpg.rf.b54893fb9499c526ac1e4ed3dadfde6b.jpg, 1
IMG_20180717_121404_jpg.rf.b598add9ca927cc5442a988b4875c6dc.jpg, 1
IMG_20180724_121309_jpg.rf.b6127e3c5e5635282c3e14f49e81aa60.jpg, 1
IMG_20180723_145631_jpg.rf.b511809dfd23a7e1051131bf2588ee81.jpg, 1
IMG_20100101_033559_jpg.rf.b605622836d780628e026d0d4beb64da.jpg, 1
IMG_20180719_124008_jpg.rf.b66177988a0570e0629ffc384b3af6a0.jpg, 1
IMG_20180721_091815_jpg.rf.b6aaceae15890076d044786fe019d0b5.jpg, 1
IMG_20180721_090858_jpg.rf.b65986ce1a592bf70dffdbda775ee320.jpg, 1
IMG_20180721_090938_jpg.rf.b6c7bbff411c667be51b6ab01955cd1f.jpg, 1
IMG_20180721_090911_jpg.rf.b6069a7e7b550b1e8f3cc70ea7cc0069.jpg, 1
IMG_20180720_143252_jpg.rf.b75a096c759fd161ee91c241366f75d1.jpg, 1
IMG_20180720_142111_jpg.rf.b78d26f766f246c4c1d26e446ab76daf.jpg, 1
IMG_20180717_095153_jpg.rf.b62037373316cc6efe1040e3e7f4b85d.jpg, 1
IMG_20100101_023250_jpg.rf.b85848657f4a76393360e3281c073dce.jpg, 1
IMG_20180723_123611_jpg.rf.b72e628498d7b68e4c1928236ef5e24a.jpg, 1
IMG_0158_JPG_jpg.rf.b87400967fc6fa69e09385d54d60e44b.jpg, 1
IMG_20180717_121822_jpg.rf.b861d9afe43b947c3270d921636a6bf1.jpg, 1
IMG_20180810_092208_jpg.rf.b8f3d94a688e8f334c6f7acbc9ce29a4.jpg, 1
IMG_20100101_031126_jpg.rf.b923121f67691317227a9367aa9bc9e0.jpg, 1
IMG_20180724_121017_jpg.rf.b7d7ef31fcc5f2c4b851f6889c70553b.jpg, 1
IMG_20180726_122350_jpg.rf.b97ee0ed6d8ab15dcf9bdc5d7e384eaf.jpg, 1
IMG_20180723_123726_jpg.rf.b8c7f86855e8715fa43425d02ddcaa24.jpg, 1
IMG_20180723_123939_jpg.rf.b987e860ea2fedc9f26cc14f87957666.jpg, 1
IMG_20180724_123530_jpg.rf.b9a88c54f8d1733afca3b089d4950373.jpg, 1
IMG_0124_JPG_jpg.rf.b999d3cfad17c136addac8432d7e3e5c.jpg, 1
IMG_20180719_141933_jpg.rf.b9955758119e1be4af5356419aab57b7.jpg, 1
IMG_20180719_144116_jpg.rf.b9c876954d972fbc17d9f1fce2da40c8.jpg, 1
IMG_0204_JPG_jpg.rf.ba24999db226d6e0c8e6f843e71fb8c6.jpg, 1
IMG_20180810_092230_jpg.rf.ba518731af6c9ccb91ae7b0f2e0c88b9.jpg, 1
IMG_20180725_115234_jpg.rf.ba5f636f1700fe42f0263fd2e2ca126f.jpg, 1
IMG_20180720_123508_jpg.rf.ba2bc858a99b51464bc972641994adb2.jpg, 1
IMG_20180724_124332_jpg.rf.baa31bef92d6c1bfd28c3159f92a64ae.jpg, 1
IMG_20180805_082857_jpg.rf.ba6d6fbbae6c0ebb9d41e1491144c968.jpg, 1
IMG_20180723_123952_jpg.rf.baf96edf0e2d16a5afec930dd9ce9eaf.jpg, 1
IMG_20180724_145832_jpg.rf.baa938639718dcba657678c4981085aa.jpg, 1
IMG_20180723_122941_jpg.rf.baf37e8b4104636229bbc861e9c02ae9.jpg, 1
IMG_20180725_115227_jpg.rf.ba79bcce2267ef6100654568d4548be8.jpg, 0
IMG_20180719_143143_jpg.rf.baadc0fb9e9072ec97933d4a8f84ec31.jpg, 1
IMG_0037_JPG_jpg.rf.bb2ad9dc473d292ad96767a24639b682.jpg, 1
IMG_20180720_124234_jpg.rf.bb1e5f2d2ced223b8045bf96cd93ac0d.jpg, 1
IMG_20180719_142627_jpg.rf.bb2909c2d2af5fb066f98bbbde0e9f5b.jpg, 0
IMG_20180724_150828_jpg.rf.bb2bc804940f308ddbe130a9ff3a7fb7.jpg, 1
IMG_20180714_104443_jpg.rf.baf9eff136e87f17a98f102c8bb96625.jpg, 1
IMG_20180726_122215_jpg.rf.bb4a1360b942cea1eedecdb25cb46429.jpg, 1
IMG_20180714_102644_jpg.rf.bb461bd98da9224789555331bc452d48.jpg, 1
IMG_20180726_122619_jpg.rf.bb8835cad012f9e939f002ee0009f14b.jpg, 0
IMG_20180725_113901_jpg.rf.bb91bb87d532de03a1691681c769dd6e.jpg, 1
IMG_20100101_031000_jpg.rf.bbdb8bb9f812c82e10b31c5d7d7a2f9c.jpg, 0
IMG_20180719_141737_jpg.rf.bb8951e182ce2a20e17556ea45b9b6b7.jpg, 0
IMG_20180721_090259_jpg.rf.bbf1f11d5722790d261f676db99908d0.jpg, 1
IMG_20100101_031947_jpg.rf.bc1515c3af261fc35e6632bebe025ada.jpg, 1
IMG_20180720_123359_jpg.rf.bc1323bdb5966ecdee674e1f445ddc74.jpg, 1
IMG_20100101_021749_jpg.rf.bc044ad51f68a521d82d07f4ab7bb9ee.jpg, 1
IMG_20180724_121614_jpg.rf.bc1903f680e7ec6f0768c92effffed7a.jpg, 1
IMG_20100101_033207_jpg.rf.bc2a59ca157c35f381f729ed728d0a6b.jpg, 1
IMG_20180720_142920_jpg.rf.bc28787fbafe885523c358a489695c85.jpg, 1
IMG_20100101_031506_jpg.rf.bc3ae5b46242d0bb6debabe81765fecb.jpg, 1
IMG_20180720_141555_jpg.rf.bc2b38e6bb1196fd052a30c3e127df01.jpg, 1
IMG_20180724_124526_jpg.rf.bcae0ac1de1d8679fe6d514ddda4aa73.jpg, 1
IMG_20180713_111539_jpg.rf.bcbf609ee73ae411d5d4cfb26fd9c6bd.jpg, 1
IMG_1240_jpg.rf.bce7754d9a73f16a4bef7bf3ffb051ce.jpg, 1
IMG_20180713_110546_jpg.rf.bcb2b1cb10a4c9116db49bc17491c20f.jpg, 1
IMG_20180725_114304_jpg.rf.bcf3981e3067882f82d996c70e293380.jpg, 0
IMG_20180811_083925_jpg.rf.bd1c43e90337a369272f4fe2fd700c1c.jpg, 1
IMG_20180723_123522_jpg.rf.bccde93763c85a5c1ef3825e75ec7527.jpg, 1
IMG_20180723_124251_jpg.rf.bcf98c78cdadeedd09c562cadc131516.jpg, 1
IMG_20180719_124805_jpg.rf.bd21576361f42308b53dd603b3469328.jpg, 1
IMG_20180810_091812_jpg.rf.bd32a9a6843afd299d3be2b63c3531b5.jpg, 1
IMG_20180725_121324_jpg.rf.bd219df34efe1cd990fd5d5516a5c7a6.jpg, 1
IMG_20100101_021749_jpg.rf.bd4d27464eeb1f276a1cdddc7a8a19dc.jpg, 1
IMG_20180725_120716_jpg.rf.be02cf63040d88c3df5e94685e8de72e.jpg, 1
IMG_20180717_105032_jpg.rf.bdf4f5c1468d500feff636ed3f8fec37.jpg, 1
IMG_20180724_120959_jpg.rf.bdde216b44ce98d0c4e5787c5b55a333.jpg, 1
IMG_20180720_141907_jpg.rf.bd8aca64563028dc061bc5b0fc4f30be.jpg, 1
IMG_20180724_122823_jpg.rf.be3b66c913a50e21ac791e23eb956a9b.jpg, 1
IMG_20180724_123829_jpg.rf.be599f2d52c78881096f03d952358302.jpg, 1
IMG_20100101_032301_jpg.rf.be572dc882fe4f09d0336a683ff3b7f5.jpg, 1
IMG_1231_jpg.rf.be94ac3764fbe8470f6b6bc1bc5447cf.jpg, 1
IMG_20180721_090702_jpg.rf.beec8954e3953b1be7386c0a522e55a2.jpg, 1
IMG_20180724_123653_jpg.rf.bef057fe99dfbdff65e8c07692ebec51.jpg, 1
IMG_1317_jpg.rf.bea1e0fcf742522b1a05c28704338c8f.jpg, 1
IMG_20180723_124206_jpg.rf.be530a4ac9286d375412fec7e5872afd.jpg, 1
IMG_20180719_124206_jpg.rf.bf8b4e70141470a6e3a0f4555736cdaf.jpg, 1
IMG_20180810_092151_jpg.rf.befa75d5ea33783882be544d80dbaa44.jpg, 1
IMG_20180811_083542_jpg.rf.bf420c84d30911f5bbcd1c53d6deffa1.jpg, 1
IMG_20180719_123704_jpg.rf.bf212879e3e6144d22957474e754863b.jpg, 1
IMG_20180719_124625_jpg.rf.bfb590a51440c8495753ca846086d488.jpg, 1
IMG_0160_JPG_jpg.rf.bfe0da74a3e8214b79fc3cdb67c7e64b.jpg, 1
IMG_20180724_120919_jpg.rf.c00f83317cee71d33111ce940ea86b1a.jpg, 1
IMG_20100101_033353_jpg.rf.c02df79558e1f655cc55bb978202ecb6.jpg, 1
IMG_20180725_121324_jpg.rf.c0094358b4e3432e3752bc2d4663ad54.jpg, 1
IMG_1250_jpg.rf.c0651265120f74e3b9fd747a11002d9d.jpg, 1
IMG_20180717_105138_jpg.rf.c08c1d1bb483779a7ab67718feb510f6.jpg, 1
IMG_20180723_123653_jpg.rf.c0e7db91dd077703c9ef2d79aa6b303c.jpg, 1
IMG_20180714_103621_jpg.rf.c08df4389f4de205918432e69891ee35.jpg, 1
IMG_20180724_121006_jpg.rf.c12f1fc0a2c4136e15b72a19d110caaf.jpg, 1
IMG_20100101_031423_jpg.rf.c144c388a9377590c3a9a4ad0b58a752.jpg, 1
IMG_20180723_123915_jpg.rf.c0713d965c70399c0895f23a32fbacd0.jpg, 1
IMG_20180723_145121_jpg.rf.c0d3f15cf9934ab6bfb387c2d06c26a1.jpg, 1
IMG_20180723_122833_jpg.rf.c1455ac6bc107d90010a63b4c9310bef.jpg, 1
IMG_1296_jpg.rf.c13948e312a6f1be909bf7ab229fe7b5.jpg, 1
IMG_20180724_122314_jpg.rf.c13beeb2dd528b43e94432797ef650f4.jpg, 1
IMG_20180723_123534_jpg.rf.c1cb282bafe5a25851a32cf16ff50e2a.jpg, 1
IMG_20100101_031717_jpg.rf.c166095e7215bc6be71004b87822a5dc.jpg, 1
IMG_20180713_110216_jpg.rf.c1549c199e4a73693bb073997a0fb8c0.jpg, 1
IMG_20180714_103542_jpg.rf.c1dbc54559f59c5708f5999dd49a2cd2.jpg, 1
IMG_20180810_092325_jpg.rf.c1e98ae6e048cefb032ec027a37b7719.jpg, 1
IMG_20180724_122123_jpg.rf.c1f1b962fe24eeb52225e7a43170c9ad.jpg, 1
IMG_20180718_105313_jpg.rf.c214c535ad8bd401f4d08f9ce86dc406.jpg, 1
IMG_20180723_145854_jpg.rf.c211412e9eb27f928fa82e52852d26a7.jpg, 1
IMG_20180724_123908_jpg.rf.c22a1f5bc70e292e1467de3c5b30270e.jpg, 1
IMG_20180723_123340_jpg.rf.c25b8ff531af0a80de99deca43d34b21.jpg, 1
IMG_20180725_120313_jpg.rf.c2655e00c6faa54c5a209af2cf2c79f0.jpg, 1
IMG_20180724_121657_jpg.rf.c244fc064ba03744e16ecb6f9c8a566d.jpg, 1
IMG_20180725_121211_jpg.rf.c27a5dd784d0c081475d2b52a174f236.jpg, 1
IMG_20180723_124338_jpg.rf.c2848ed841471c3667c3f6577392b685.jpg, 0
IMG_20180714_103329_jpg.rf.c2745b9d6a7349ba037708f5dfd04b56.jpg, 1
IMG_20180720_124223_jpg.rf.c280af3a6af6b943d4ae4997531a77a6.jpg, 1
IMG_20180724_124339_jpg.rf.c31a4086ca704711de12f48834d9bca6.jpg, 1
IMG_20180714_102407_jpg.rf.c2fb4b1dd6e18ade6789e698efe9f626.jpg, 1
IMG_20180723_122905_jpg.rf.c3181357484dabec0a9ce216e891090d.jpg, 1
IMG_1255_jpg.rf.c337c2c7207130302097104e4ef4075c.jpg, 1
IMG_20100101_022113_jpg.rf.c2bb749fdc1ad6b9d7685d8fbd2aa535.jpg, 1
IMG_20100101_021505_jpg.rf.c3e7695767dcd99affe7349a527da073.jpg, 0
IMG_20180721_091154_jpg.rf.c39965783723b6d8e7fe51b9653ef850.jpg, 1
IMG_20180714_103808_jpg.rf.c3efae62a8e057a6f489bbd45659127c.jpg, 1
IMG_1250_jpg.rf.c34356dc698a9570e6b3bee77c1aad26.jpg, 1
IMG_20180730_122522_jpg.rf.c42c13323c2e617045e8857ca971233c.jpg, 1
IMG_20180723_122353_jpg.rf.c43d0ea1962cd48a30297ff5da11f02a.jpg, 0
IMG_20180719_123643_jpg.rf.c4986b202213b13a2d2f7cdfd715b9e7.jpg, 1
IMG_20180724_121206_jpg.rf.c49b3482e2f88cbf39d60826b81da52f.jpg, 1
IMG_20100101_033320_jpg.rf.c47a0d2f1fbf2e70807d1458c06bd4d1.jpg, 1
IMG_0035_JPG_jpg.rf.c47e3c2e78cb3f844483e3444caffa12.jpg, 1
IMG_20180730_122522_jpg.rf.c50d73c8bb19e9fd8a999552d54f5c9f.jpg, 1
IMG_1245_jpg.rf.c560eb01ab11c73772824901cb2806ee.jpg, 1
IMG_20180717_121303_jpg.rf.c4c5ba78acf6a46ed5243598aba61dde.jpg, 1
IMG_20180723_145451_jpg.rf.c470a249fee613b14b9af93547caaf28.jpg, 1
IMG_20180719_142955_jpg.rf.c4c592307aa0f00b0c24c11046024e89.jpg, 1
IMG_20180719_123643_jpg.rf.c616a536b8930617cae603f3c807ff22.jpg, 1
IMG_20180713_105056_jpg.rf.c5f6d8127efd51dc1da773c665727122.jpg, 1
IMG_20180720_141721_jpg.rf.c5f85804484018d4032cfd737b7e117f.jpg, 1
IMG_20180719_143232_jpg.rf.c5b777febaa9a0b30c7c3becf76cfe27.jpg, 1
IMG_20180811_084218_jpg.rf.c67d605ac43fc331bd498e1ce1430d6a.jpg, 1
IMG_0229_JPG_jpg.rf.c64a6c4d8079c02147aef9cb8c2869a6.jpg, 1
IMG_20180717_121404_jpg.rf.c61bdd4d11a67dc57cddc92b2f5a8955.jpg, 1
IMG_20100101_030701_jpg.rf.c62ed657ab8efa6ce21e23a6447ba912.jpg, 1
IMG_20180723_123254_jpg.rf.c685857daa6e9142d71f5fd6ce171d82.jpg, 1
IMG_0037_JPG_jpg.rf.c6f12d68daa4b4f9ff82d752eae0fc97.jpg, 1
IMG_20180720_123954_jpg.rf.c68ea1abdc2e0411a095413cf79b25a2.jpg, 1
IMG_20180720_123828_jpg.rf.c6f3af000bfc7d4977a51b36605e51f9.jpg, 1
IMG_20180714_105021_jpg.rf.c70a698d019b8c06949f9d0e5fb9c8b1.jpg, 1
IMG_20180723_150704_jpg.rf.c6febcbb037b44a762b7855313bf3409.jpg, 0
IMG_20180724_125716_jpg.rf.c6ced6a3ec0dcd4bc66188b7dda5e0d7.jpg, 1
IMG_20100101_031404_jpg.rf.c781058f8e866fbf18e6e33ea4ece69a.jpg, 1
IMG_20180723_122511_jpg.rf.c7294e009ac561992c647b3c2d5e5a85.jpg, 1
IMG_20180724_124526_jpg.rf.c70b1ac5da9db589ed8757997c6db56e.jpg, 1
IMG_20180714_103537_jpg.rf.c7a982ac377c804212848ccb08680537.jpg, 1
IMG_20180720_124320_jpg.rf.c75791362322255c8939551127358906.jpg, 1
IMG_20180714_104148_jpg.rf.c7ab89188e0af5fc3511c65cc3bb7168.jpg, 1
IMG_20180724_150602_jpg.rf.c81302a8bcec3d4567c530a0ae531b19.jpg, 1
IMG_0030_JPG_jpg.rf.c88ee35cc28a9b65d1fcbac5a8394b60.jpg, 1
IMG_20180720_124444_jpg.rf.c8362e22a8b026fe32054f1f3124bd8d.jpg, 1
IMG_20180717_104224_jpg.rf.c8348ca1d31ea66b8053849fc3ca0d74.jpg, 1
IMG_20180724_122314_jpg.rf.c7e20a68f93121f8bf10c1fefaf03507.jpg, 1
IMG_20180713_104842_jpg.rf.c7c46fdfa754db2886a9f159dc334e74.jpg, 1
IMG_20180724_121432_jpg.rf.c8ca7ac55be523fd9aca22ee74f95459.jpg, 1
IMG_20180723_122707_jpg.rf.c890c847346c631067b4977b00ebe261.jpg, 1
IMG_20180720_142912_jpg.rf.c8fed9db59633377cb96a83fef98a671.jpg, 1
IMG_20100101_021826_jpg.rf.c8e89bb4d65c7204cbadf487f8e92202.jpg, 1
IMG_20180724_122831_jpg.rf.c8e90d003276a8347f26e236a6e935fa.jpg, 1
IMG_20180724_121606_jpg.rf.c9183165226a07c54ce2b71fd46de2b6.jpg, 1
IMG_20180725_120722_jpg.rf.c902e97bf02e2af7636cf50a37060422.jpg, 1
IMG_20100101_023024_jpg.rf.c93eb0fc7cf3672fe6915550ba871743.jpg, 1
IMG_0166_JPG_jpg.rf.c95c34b4a38ae3990e32bdde7587c1a7.jpg, 1
IMG_20180717_122754_jpg.rf.c99a6fba9eb45eccdac8a7358f2c3c84.jpg, 1
IMG_20180720_124107_jpg.rf.c92e2e75ea63d2bbfeb36e35d79c3ee9.jpg, 1
IMG_20180724_122638_jpg.rf.c98f9e3bfc2c037d832daaf4384cdbc2.jpg, 1
IMG_20100101_021758_jpg.rf.c9e217c79413ccc4cc88ab42c146c7a2.jpg, 1
IMG_0204_JPG_jpg.rf.ca06a7136d1a21a2f29760f1e357e799.jpg, 1
IMG_20180810_092948_jpg.rf.ca29bd867da80ebf1f85a77c4dc1efb4.jpg, 1
IMG_20180724_150833_jpg.rf.c9ffb58493077a1f1910b34bfb0130ae.jpg, 1
IMG_20180724_150928_jpg.rf.ca88c1f089c95bb1017b708c4fde4a47.jpg, 1
IMG_20180712_221713_jpg.rf.ca7d63de47fa6632235d0fbf94a2d697.jpg, 1
IMG_20180717_100254_jpg.rf.ca9cc0b306580bc95316ff4074b39b7d.jpg, 1
IMG_20180810_091707_jpg.rf.ca0f235395005e965195244632cf5e07.jpg, 1
IMG_20180724_121014_jpg.rf.cb0b2b10661221f000333e06eb001585.jpg, 1
IMG_20180719_125528_jpg.rf.cae74e869b775c1f53235547b38c860e.jpg, 1
IMG_20180721_090102_jpg.rf.cad4b8cd9e3bc789b0508eb07c67dc52.jpg, 1
IMG_20180723_123437_jpg.rf.cb2a1405156c8cdc13f178beca04dd81.jpg, 1
IMG_20180811_084218_jpg.rf.cb1fa8e8df90c75d8e1a220d144a6398.jpg, 1
IMG_20180810_092151_jpg.rf.cbd190e3f116c112bdb0aac330350e9d.jpg, 1
IMG_20180723_123611_jpg.rf.cb611aaf7cd15cfbba4a32c1a89caa31.jpg, 1
IMG_20180724_121704_jpg.rf.cb434db7fce019671f8d6114631f7839.jpg, 1
IMG_20180723_123911_jpg.rf.cbb1fcd181fbeb0103f229f7e58ad040.jpg, 1
IMG_20100101_032423_jpg.rf.cc0791422e766d43f49451b9a76317ee.jpg, 1
IMG_20180713_111345_jpg.rf.cc412f48f7006e2c224ad00e49febc42.jpg, 1
IMG_20100101_031519_jpg.rf.cc24aadc73216be16b8c2ae5ea33e6f9.jpg, 1
IMG_20180713_110216_jpg.rf.cd0117eabf996b4222d04ef3befa1e12.jpg, 1
IMG_20180724_124150_jpg.rf.cc265026cc0308afbdff610a654c46ce.jpg, 1
IMG_20180717_120747_jpg.rf.cc997864fbb621147e53667005cb1906.jpg, 1
IMG_20180721_091732_jpg.rf.ccc822338d7e510a43b8ed18fe074ade.jpg, 1
IMG_20180720_142017_jpg.rf.cd7af5b25e30aec4238eca281adccdf2.jpg, 1
IMG_20180810_090336_jpg.rf.cd8616076ef93deef435d48c8861173f.jpg, 1
IMG_1263_jpg.rf.cd8dc05d9dd5c5c34479fc8cfeb31922.jpg, 1
IMG_0065_JPG_jpg.rf.cd84f2291b5f8b9f41a25ff45eb8d5f3.jpg, 1
IMG_20180810_090555_jpg.rf.cd8fcc99f18e2542900de101f043f506.jpg, 1
IMG_20180726_122312_jpg.rf.cdb75e089b9f496a7cf6006ba2a57255.jpg, 1
IMG_20180811_083925_jpg.rf.cdd71eaa793e71e62963d8ca2ea94c6f.jpg, 1
IMG_20180811_083633_jpg.rf.cddad300690547f46ce27ab426be9620.jpg, 1
IMG_1263_jpg.rf.cdfc2e5ddc593b15da7480e223f09a2e.jpg, 1
IMG_20180719_141933_jpg.rf.cdb9f85dbc96ed459747f2d5071890e5.jpg, 1
IMG_20180811_084200_jpg.rf.ce6cb0dbb7f437fb2b8500a36ac6b9cc.jpg, 1
IMG_20180725_120946_jpg.rf.ce72b9f1abd73f92a2584f07e5936a24.jpg, 1
IMG_20180719_124805_jpg.rf.ce222ed865c9ad84c34ece7a5ce7362f.jpg, 1
IMG_20180714_105117_jpg.rf.ce837d9bd8604ab618d629146c1b8bc8.jpg, 1
IMG_20180811_083816_jpg.rf.cec017cc25bf9c411e734f6b741ccd4f.jpg, 1
IMG_20180721_090323_jpg.rf.001037c5d31126d9cbe5f9fd63640835.jpg, 1
IMG_20180719_124625_jpg.rf.0028be77a9645beadade76980e3d115a.jpg, 1
IMG_20180717_143333_jpg.rf.00165068b39fcfad077ee04e687a6793.jpg, 1
IMG_20180721_091400_jpg.rf.00c731eb9258f321169ef311c600cdd4.jpg, 1
IMG_20180720_124123_jpg.rf.00a4ece551ecc6e9cf58900d69eaaa8e.jpg, 1
IMG_20180714_102620_jpg.rf.009a325f4d7ed9ca1f905e418a98d548.jpg, 1
IMG_20180723_122959_jpg.rf.00bb7e474ca13358639f261f2d5dbf20.jpg, 1
IMG_20180724_120903_jpg.rf.00f8123a585f4a6d6697886042210b7f.jpg, 1
IMG_0162_JPG_jpg.rf.00ca0095e1fadb2822068954980866e5.jpg, 1
IMG_20180724_122446_jpg.rf.00eba0f08c1f78f632f8d0f7077d9e25.jpg, 1
IMG_20180719_142947_jpg.rf.00d18afbaa4fdc48183718b5d871d856.jpg, 1
IMG_20180720_142048_jpg.rf.00f88e4c49ca8a4396360efe99e5e109.jpg, 1
IMG_20180724_122831_jpg.rf.013251cb4db903e96655acb36d9793be.jpg, 1
IMG_20180720_141952_jpg.rf.011c8d9b08fab7b80e323ba2f1cc697c.jpg, 1
IMG_20180723_123328_jpg.rf.011e6181e9614ee412565e534631a043.jpg, 1
IMG_20180725_121700_jpg.rf.013bfaf6566bf930eabb9d54375a18ed.jpg, 1
IMG_20180721_091207_jpg.rf.015fb4f053ba42fd58561a9e9e829b26.jpg, 1
IMG_20180811_083459_jpg.rf.0144f655db9c0ffe001cb1867286fa44.jpg, 1
IMG_20180719_144127_jpg.rf.016a5f1f8c2df07f92ded238b5f19717.jpg, 1
IMG_20180719_124213_jpg.rf.01a721d3d8ea2372e7e56a313b514b2a.jpg, 1
IMG_20180719_123953_jpg.rf.016f25d3a3016f0f545dc90404d6e3a7.jpg, 1
IMG_20100101_032147_jpg.rf.01f329467ea11fbb764550c3fda5af0f.jpg, 1
IMG_20180723_145811_jpg.rf.0195ad9d0fa17261d5fd1f97c0feb809.jpg, 0
IMG_20180723_145937_jpg.rf.021c3ec66abf4742105b0abf90c2a42f.jpg, 1
IMG_0124_JPG_jpg.rf.023c6bc9407c77c0efe92c9fec3a70e1.jpg, 1
IMG_20180720_141555_jpg.rf.02471d0375ba42d3d9ada98e0781ecb7.jpg, 1
IMG_1241_jpg.rf.026d537e82c9b3c2b01816fb3bfedd41.jpg, 1
IMG_20180723_123547_jpg.rf.02ed5a548cbd0e0241919e9a4d997ec9.jpg, 1
IMG_0212_JPG_jpg.rf.0259954868e0045697320c28e0d38e04.jpg, 1
IMG_20180811_083828_jpg.rf.02bf6a6d8f0856a061a8d62ec758d36c.jpg, 1
IMG_20180719_123656_jpg.rf.032d87fc8a8174f439fbdb7c4c4ed715.jpg, 1
IMG_20180726_122638_jpg.rf.03004d6938190819229e1cb68b4eca0f.jpg, 0
IMG_20100101_033559_jpg.rf.039bfba68c7bee4a69dc3d7b6451d7f2.jpg, 1
IMG_20180723_145326_jpg.rf.033a452fe6ee642d9d0267b1d4290b60.jpg, 1
IMG_0076_JPG_jpg.rf.037d9d8ee9d1ba9b914e3fcaa8c4ed6e.jpg, 1
IMG_20180724_121243_jpg.rf.03b3e3d4358e7b804c1321a92e6b9937.jpg, 1
IMG_20180723_124904_jpg.rf.03f7ab52db45143c70d57d8a7aad863f.jpg, 1
IMG_20180723_145334_jpg.rf.04037a35c645654db6aa473615e29358.jpg, 1
IMG_20180724_123542_jpg.rf.040437be26c3fe646a902a6de6c3bf3a.jpg, 1
IMG_20180724_124414_jpg.rf.0433be06d659a3c7e5f5b54a11252767.jpg, 1
IMG_20100101_031606_jpg.rf.0416a20a8333cb4a55558bdf9b378959.jpg, 1
IMG_20180723_152133_jpg.rf.041e445d88a2b4565876d32a9414c58f.jpg, 1
IMG_20180719_143022_jpg.rf.043a0bdd2accf5509de37228b21872c4.jpg, 1
IMG_20180717_121240_jpg.rf.048836575161fc0964cdfa378637abf2.jpg, 1
IMG_20180810_092143_jpg.rf.044ac11045ddb8f1b6c34b3341573b9f.jpg, 1
IMG_20180724_120959_jpg.rf.04b9dca705f0bddd684366b8ef49c4b1.jpg, 1
IMG_20180723_123154_jpg.rf.0479021c797b2e703885b7472165561e.jpg, 1
IMG_20180726_123154_jpg.rf.04ff8867e64595328129a2039250434d.jpg, 0
IMG_20180723_123328_jpg.rf.04f972ce032b73a1849537b7762bf84c.jpg, 1
IMG_20180717_104525_jpg.rf.0506353ba6d44d6f305ab1e536be4387.jpg, 1
IMG_20180723_122946_jpg.rf.0507dfba85cc9830ba5dfab7a4aa229e.jpg, 0
IMG_20180723_123547_jpg.rf.050e007ede631b6e0ec39248774e6cc2.jpg, 1
IMG_0058_JPG_jpg.rf.0502b0b351c3123632446b6fc83b650a.jpg, 1
IMG_20180720_142605_jpg.rf.053031d64dece05c2479008f1c1238ae.jpg, 1
IMG_20180717_120957_jpg.rf.050f7f5780dfe2d4070cf786f27979b0.jpg, 1
IMG_20180725_121845_jpg.rf.0581bd281c20163962a9972adb243aca.jpg, 1
IMG_1228_jpg.rf.050f95ef1646f1276bf53f625a6316ab.jpg, 1
IMG_1292_jpg.rf.05dfb6a16eb9d1b3caed8eec5e97fffe.jpg, 1
IMG_20180811_083617_jpg.rf.055aeadd0cbe43c52e07ab995cff8a91.jpg, 1
IMG_20100101_031519_jpg.rf.0596d6555306c60322f481bc38c3e084.jpg, 1
IMG_20180719_124538_jpg.rf.05e13aca23fba1e8ff2540c80872bada.jpg, 1
IMG_20180724_121351_jpg.rf.05f0422c97544aa48087e25e776225c8.jpg, 1
IMG_20180724_122133_jpg.rf.05f85c19d08e2e5e18eeb3ed2d6d8e4f.jpg, 1
IMG_20180810_092230_jpg.rf.06635d8621728a22b2a728da9d90c296.jpg, 1
IMG_20180714_102521_jpg.rf.064894ec4440276ba565a7a0aa083f0a.jpg, 1
IMG_1231_jpg.rf.0602a29773befe1c153985722a50c979.jpg, 1
IMG_1239_jpg.rf.07524b2876241a42c85e469f3603a0dc.jpg, 1
IMG_20180724_122017_jpg.rf.0759bb51f06f0d6ceb068e843a906d9e.jpg, 0
IMG_20180811_083958_jpg.rf.072716de551881b5e2d50ef93498645c.jpg, 1
IMG_20100101_022131_jpg.rf.06d8949a48efc15fdfceff4cd720e8d3.jpg, 1
IMG_20180720_143014_jpg.rf.079e0851408025883161a4f5dec4176f.jpg, 1
IMG_20180713_111457_jpg.rf.07648199808f16ac5101eb09ca5a713d.jpg, 1
IMG_20180810_092204_jpg.rf.07d0aca9ca76de95eda5e8e820f38b1e.jpg, 1
IMG_20180719_123953_jpg.rf.07d91f3a93a8924134aea2db75f98939.jpg, 1
IMG_20180810_090521_jpg.rf.07f6fe1638774b2ccb7c914c78121ca0.jpg, 1
IMG_20180725_121427_jpg.rf.07e2ac2bed785f05ec71ff9216410089.jpg, 1
IMG_20180724_125116_jpg.rf.0812ace519cb3548144f691e732a3d42.jpg, 1
IMG_20100101_032415_jpg.rf.0876d7b80e48da6f82955cfaa77e9f1d.jpg, 0
IMG_20180724_124135_jpg.rf.0812cc576c4e7f3d2523409c881c7caa.jpg, 1
IMG_20180724_124526_jpg.rf.0840ed9bf3417f6724afa3906e3c9b62.jpg, 1
IMG_20180725_122605_jpg.rf.08247af1b7bbb2d513ebafa5c1e2b71a.jpg, 1
IMG_20180723_124251_jpg.rf.08d2cbe026af1349905b0aa7b6630af8.jpg, 1
IMG_20180717_144253_jpg.rf.089b9ac3dc5ecfdde7a4f3eb4ebb08ec.jpg, 1
IMG_20100101_021715_jpg.rf.08a3ac7d74a56abc48ba38d78251c348.jpg, 0
IMG_20180720_142814_jpg.rf.081571d0bbbb777dde6fb863cc2f4f3a.jpg, 1
IMG_20180714_094920_jpg.rf.08dc5dc48f50c591ec40739d41dcf965.jpg, 1
IMG_20180810_090309_jpg.rf.08f89c9fcae9d82b73fe1445df342798.jpg, 1
IMG_20180725_121240_jpg.rf.08e1cc8c5ae075d99c953b99f80e8ee3.jpg, 1
IMG_20180721_090532_jpg.rf.092904adf77d0851d5737ee6a422c5f6.jpg, 1
IMG_20100101_032210_jpg.rf.097c83d5d967da4041643c16a034fa41.jpg, 1
IMG_20180725_121240_jpg.rf.08fec36639334aaa652767b1650c3705.jpg, 1
IMG_20180723_145121_jpg.rf.099270e42c2a00bc65692fd71cf038ef.jpg, 1
IMG_20180720_142853_jpg.rf.09397c0fca46caaea4b8e60126135e9a.jpg, 1
IMG_20180723_145451_jpg.rf.098ddb3c8aed9e0dcae5c1e1fc29afe8.jpg, 1
IMG_20180725_115234_jpg.rf.09cf90a5216aa34126be9a7e5780d900.jpg, 1
IMG_20180719_143143_jpg.rf.09acb172bce766a8f7b73bc0aa697086.jpg, 1
IMG_20180720_124036_jpg.rf.0a2c17be33b4ed87095a1bd30ad9d6dd.jpg, 1
IMG_20180721_090047_jpg.rf.09f0aa794fb1aded31d30bb53b888d08.jpg, 1
IMG_20180724_150758_jpg.rf.0a2994c3d43d2cbecec5f87a3a66f48f.jpg, 1
IMG_20180811_083939_jpg.rf.0a53b386030312d2c1d0005a8ebe5ae0.jpg, 1
IMG_20180723_145811_jpg.rf.0a850bb7294dd7c63e41caa3197b2842.jpg, 0
IMG_20180724_121014_jpg.rf.0a7f631963c16d4bef8330cf4a3e8dd0.jpg, 1
IMG_20180725_115227_jpg.rf.0af3ddadf0bd0e4877b39b2284164a95.jpg, 0
IMG_20180717_104631_jpg.rf.0b10b27edab20cab39ad411391048b20.jpg, 1
IMG_20180720_124107_jpg.rf.0ab39802221d95247249ca38d48e7f1c.jpg, 1
IMG_20180723_122959_jpg.rf.0acc089e982d9fcec92e5b711077f164.jpg, 1
IMG_20180714_094934_jpg.rf.0b163fd0db2cafa7a74a69ceac3575d3.jpg, 1
IMG_1257_jpg.rf.0b331de742817909745e16f10392634f.jpg, 1
IMG_20180723_144939_jpg.rf.0b2248dd5ef9d45ce85dd8e86c698aae.jpg, 0
IMG_1251_jpg.rf.0b5501cb3abf35adf2a9a27ec6659d30.jpg, 1
IMG_20180725_122605_jpg.rf.0c172842583945712aaa3bb2d52f105b.jpg, 1
IMG_20180810_091812_jpg.rf.0c359a770d922d3bf1de3351666a9be8.jpg, 1
IMG_20180719_123656_jpg.rf.0b7548c25575cc4f1e47e1a17ef9a29d.jpg, 1
IMG_20180811_083459_jpg.rf.0c033981a09574d9feeb7f4add8d91b2.jpg, 1
IMG_1286_jpg.rf.0c94ee6f372b926364b86fad05ce529d.jpg, 1
IMG_20180724_121309_jpg.rf.0c945c85a8f21550f7d84ffcc6237648.jpg, 1
IMG_20180721_091441_jpg.rf.0c9a4e29882497ba7fddb4db1955927d.jpg, 1
IMG_20180723_123744_jpg.rf.0ca74f75dcbc4a4b4ceff5e010b4fcee.jpg, 1
IMG_20180723_122614_jpg.rf.0cac4a4e7452f6770c471c6ff4c54fe9.jpg, 1
IMG_20180724_121149_jpg.rf.0cb43a87249566e2915863076b6eabc2.jpg, 1
IMG_20180719_144000_jpg.rf.0cb4e22f7168e451c1116e05b0d64263.jpg, 1
IMG_20180719_124405_jpg.rf.0ca99209de67e60b2bbce9b6ec86255b.jpg, 1
IMG_20180721_090911_jpg.rf.0ccf74ef8c6eb3dd32d934ad9b107893.jpg, 1
IMG_20100101_032744_jpg.rf.0d0ce8017c373a4d73282f4c94b80fb4.jpg, 1
IMG_20180717_123537_jpg.rf.0d300c3b45e7611c650ebe31b1442e74.jpg, 0
IMG_20180720_143100_jpg.rf.0d3c691298f51951514bedb93bf8e0cd.jpg, 1
IMG_20180723_151257_jpg.rf.0d88d02c910341d64de6f4ccc84fabc5.jpg, 1
IMG_0056_JPG_jpg.rf.0d8d2649e92396f71892bc31626bd8ae.jpg, 1
IMG_20180725_115234_jpg.rf.0db4f4819fd1c28efd74d723bba2dc71.jpg, 1
IMG_20180725_121519_jpg.rf.0d89d423e6c10f6537cb8202a3a739b8.jpg, 0
IMG_20180714_103949_jpg.rf.0db5579fe182ab7fad9f9c496263e2c9.jpg, 1
IMG_20100101_021612_jpg.rf.0d8f0cc14b444753befa0a82fdf60bdb.jpg, 0
IMG_20180714_103417_jpg.rf.0cbec5878c16d6d73936254a1e8d1c97.jpg, 1
IMG_20180725_122605_jpg.rf.0db5f8abecac4e193c7a869ca626e05a.jpg, 1
IMG_20100101_032941_jpg.rf.0dc074bc87027bffc69fb5784b3a565c.jpg, 1
IMG_20180717_143613_jpg.rf.0dbd6ebdd3f2752b0d3ca503700ec2c8.jpg, 1
IMG_20180721_091015_jpg.rf.0e23f611cf21b82cd7e5677ac325bcf2.jpg, 1
IMG_0221_JPG_jpg.rf.0dcd505084b827ba944777467209e84c.jpg, 1
IMG_20100101_031606_jpg.rf.0e3c2d8e4e58992087f5211e250fd569.jpg, 1
IMG_20180720_142605_jpg.rf.0e3c8751150ff032378616e61051e459.jpg, 1
IMG_20180723_123638_jpg.rf.0e88d24a2622e4ec5695ec78b0a1642b.jpg, 1
IMG_20180726_122652_jpg.rf.0ea02d79372d305cc92d0c80005bf5f0.jpg, 1
IMG_0031_JPG_jpg.rf.0f22febd410c4e501c54047522a304e0.jpg, 1
IMG_20180723_150941_jpg.rf.0f3eaf8e0c8d46edec0948afe549e1f9.jpg, 1
IMG_20180805_082857_jpg.rf.0ef2e5dda79b207729ea12f5f65a3112.jpg, 1
IMG_20180720_124457_jpg.rf.0ec78db9b6e4115fbda326981d4579b3.jpg, 1
IMG_20180721_090102_jpg.rf.0fbad15c750c6a022bbff439f51e1138.jpg, 1
IMG_20180721_090323_jpg.rf.0fb36c2731d27a4d59cde3d55ac6fa07.jpg, 1
IMG_1266_jpg.rf.0f42738c917b2764d66308f385fc7827.jpg, 1
IMG_0058_JPG_jpg.rf.0ff274b2e1d4b2c083dd17a8a8e51eb7.jpg, 1
IMG_20180720_143100_jpg.rf.0f9ac26c448a8fb8343cdd787c6709f2.jpg, 1
IMG_20180723_145651_jpg.rf.0fc1d6e8df57e5e93981b7d72952725f.jpg, 1
IMG_20180723_145326_jpg.rf.100bf81d93f45a52e9141f376f0ba5e7.jpg, 1
IMG_20180724_123829_jpg.rf.102bb2720554f9015275f8aebf89992a.jpg, 1
IMG_1286_jpg.rf.10197bda379e762abd3210788a02838d.jpg, 1
IMG_20180720_142949_jpg.rf.0f9f03ce5dd15983e0a71fda9ed7a191.jpg, 1
IMG_20100101_032553_jpg.rf.102ef7208d8c16435216639e0222234b.jpg, 1
IMG_20180721_090210_jpg.rf.105f18a3fff5b9c12b9a670d36dd7d7d.jpg, 1
IMG_20180724_121053_jpg.rf.110ab0780d5a438740168d0b0604d1fd.jpg, 1
IMG_20180713_110542_jpg.rf.1147f66dc134d08ed1778b5237728e65.jpg, 1
IMG_20180723_145150_jpg.rf.117acd09cfb845c2fbf5798989d24a8a.jpg, 1
IMG_20180723_123317_jpg.rf.10e31dc573138f35ad117ff02532d1c5.jpg, 1
IMG_20180717_122646_jpg.rf.11ae30b3a00ea49b01935a99d6dcacb7.jpg, 1
IMG_20180713_110053_jpg.rf.1197ab216aff821d06010caaaa82eb5b.jpg, 1
IMG_20180725_114748_jpg.rf.11b4d1c7dcbf261d912c171517b4ec45.jpg, 1
IMG_20100101_033101_jpg.rf.1192c9b69fb8522e89ad0691af1e7ef1.jpg, 1
IMG_20180719_125049_jpg.rf.11c336dc5579815d65d959a1fda56acf.jpg, 1
IMG_20180714_102627_jpg.rf.120e3defd5ec3817702b8e4debec04b1.jpg, 1
IMG_1260_jpg.rf.1202413f2374401363defc126f3a6bfa.jpg, 1
IMG_0056_JPG_jpg.rf.124d0307f9b4c7bc9c1e8ae5f1a25948.jpg, 1
IMG_20180723_122941_jpg.rf.127a2e1c92ecefe3772e65766174fe4c.jpg, 1
IMG_20100101_032941_jpg.rf.129bb4a0e13ab39954ec58ff222eae30.jpg, 1
IMG_20180724_122638_jpg.rf.12e826c41333f6670008acc2f573b8aa.jpg, 1
IMG_20180724_121315_jpg.rf.12ce209e695c6fdc99f75d6afefbb762.jpg, 1
IMG_20180725_122345_jpg.rf.12f146187cb69417318952ea4ea7ccb9.jpg, 1
IMG_20180719_143637_jpg.rf.1317e21bb16982fd415b95d6539a271c.jpg, 1
IMG_20100101_022226_jpg.rf.12c9ffc3dd7c73216a4287f699892713.jpg, 1
IMG_20180721_091207_jpg.rf.12d1026ce912fcbf164b97f4046ec504.jpg, 1
IMG_0026_JPG_jpg.rf.13b7252747a6f0ab2e2561afa2e576ef.jpg, 1
IMG_20180720_123359_jpg.rf.13808802366e4e8013c5a78d76469fc7.jpg, 1
IMG_20180810_092204_jpg.rf.14701439896d5cac70fbf6964e8dab16.jpg, 1
IMG_20180721_090352_jpg.rf.13a8216637809961b6799a914096ae71.jpg, 1
IMG_20180719_124852_jpg.rf.14e771baaac1239cce3a953cef91cdd0.jpg, 1
IMG_20180714_102627_jpg.rf.14d7ac053f61602ad337dea68d979128.jpg, 1
IMG_20180811_083633_jpg.rf.13b405f440998a160e4740ec5e4f1f80.jpg, 1
IMG_20180719_124931_jpg.rf.155b9bf02abf7a4813f2fc12eab17f23.jpg, 1
IMG_20180717_105052_jpg.rf.156809a4c86b50ca195f0fc1c51239ce.jpg, 1
IMG_20180811_084341_jpg.rf.1565afdaad0dbb7af84de7cf01506881.jpg, 1
IMG_20180721_091441_jpg.rf.151bba76d84efd4867461153b41be0d4.jpg, 1
IMG_20180726_122312_jpg.rf.14fb45543ff92aedb76ff9eba4155a7c.jpg, 1
IMG_20180719_141754_jpg.rf.1627d68f4a041d3c151998aef6b8f94c.jpg, 1
IMG_20180721_090151_jpg.rf.15a20f3e1e65b8bc558399dfb84e1a72.jpg, 1
IMG_20180726_122332_jpg.rf.16461cbf99e705ee523523a86955bdde.jpg, 1
IMG_20180714_102413_jpg.rf.1649647cbbe846d568d0d91d67df64cc.jpg, 1
IMG_20180714_102330_jpg.rf.16cb65c6afc4992aa5ba98a602dbaa94.jpg, 1
IMG_20180724_123702_jpg.rf.1682972c98beb123016a59ae107705bf.jpg, 1
IMG_1285_jpg.rf.15e8a2a09e65ae2ca54f382144707a7d.jpg, 1
IMG_20180723_151429_jpg.rf.16f863e05a6a19e2ac474266c6ceeda6.jpg, 1
IMG_1248_jpg.rf.179cdda623c40d6b7afc05871ce4f485.jpg, 1
IMG_20100101_031820_jpg.rf.1711f63b3a85418d42934c142f60434d.jpg, 1
IMG_20180811_083552_jpg.rf.17b4fabe5c406c2077d13c485d28edce.jpg, 1
IMG_20180714_103537_jpg.rf.1700f5c6e0463252c59a80733b0c85cd.jpg, 1
IMG_20180724_121957_jpg.rf.16e20f73672c14b06acda312e7488edb.jpg, 1
IMG_20180719_143849_jpg.rf.1718111a6c12a5fe5631218af6265b63.jpg, 1
IMG_20180725_121845_jpg.rf.1701933786340914878ac18aee7874a8.jpg, 1
IMG_20180720_123553_jpg.rf.6206663021d2e6a6b416ee56a93434f1.jpg, 1
IMG_0227_JPG_jpg.rf.6207a1a0ae11739b0f2e793feb64572b.jpg, 1
IMG_20180724_121832_jpg.rf.607d95710e90f492c1468e469cc98d4e.jpg, 1
IMG_20180719_142955_jpg.rf.6065295acd236883e97922d1a1c17fda.jpg, 1
IMG_20180725_120722_jpg.rf.616a3d264ad6b5226166d98c83a8708a.jpg, 1
IMG_20180714_102511_jpg.rf.60a243a3b2b25b0597ea9ba625f1d1cf.jpg, 1
IMG_1263_jpg.rf.60d805c873c1b92cc8440db3d3a136d4.jpg, 1
IMG_20180724_122534_jpg.rf.61fb00d81c439b062acb5b20229ba5c6.jpg, 1
IMG_0228_JPG_jpg.rf.6116cc5c7b06faf91166049bbc301c16.jpg, 1
IMG_20180719_123752_jpg.rf.60fbfe34dfe8a4ca7e45e93c30648d9d.jpg, 1
IMG_20180720_123433_jpg.rf.61643009bd177bcd12605e80eb3fa254.jpg, 1
IMG_20180719_124953_jpg.rf.6209024b8f533fc673bc5959a9b221bc.jpg, 1
IMG_20180723_123952_jpg.rf.6252df9dceed5f08830ce932ad4a6c16.jpg, 1
IMG_20180723_123733_jpg.rf.609b82ab71f0aebae5e493328a478a46.jpg, 1
IMG_0227_JPG_jpg.rf.60b7d917c029eb4f7a9a0bdb3888e4bd.jpg, 1
IMG_20180724_121351_jpg.rf.60ba7b39c145ee83227dab7339229aeb.jpg, 1
IMG_20180726_122557_jpg.rf.607b5279ed726c1ad1bee02d29e53f83.jpg, 1
IMG_20180725_114413_jpg.rf.6118874b5089305e7363f0a58b06a70f.jpg, 1
IMG_20180723_122353_jpg.rf.60e34cdcab4d56a4a3cab9d5364d4d43.jpg, 0
IMG_20100101_033551_jpg.rf.6275d9eed7aae44d55f93c82953551a9.jpg, 1
IMG_20180717_122646_jpg.rf.62bff6bce84d7f8ab909c982cb56e985.jpg, 1
IMG_20100101_033353_jpg.rf.60277a259590ae68035233c416a38fe8.jpg, 1
IMG_20180723_123454_jpg.rf.6300b8ee0f58baa5df745d4ac8b9e6f8.jpg, 1
IMG_20180724_123653_jpg.rf.60fbac2df8d67850b20fbee3d316152d.jpg, 1
IMG_20180811_083816_jpg.rf.609a6e474a768d66c24ba741480b4772.jpg, 1
IMG_20180714_103417_jpg.rf.629c7ea1cf56529f467fdcbb566d30b6.jpg, 1
IMG_20180714_104445_jpg.rf.6169c215818becfff31458ad27557170.jpg, 1
IMG_20100101_022907_jpg.rf.6304ec73775e2f6be94f63bac1067d4f.jpg, 1
IMG_1247_jpg.rf.63211c04841b90554620d8bcb255afe5.jpg, 1
IMG_20180723_150941_jpg.rf.63b0f383a8e703f9a69740eb233de1b7.jpg, 1
IMG_20180720_142111_jpg.rf.63b0b3474b82076ee0ca4595f7805e09.jpg, 1
IMG_20180726_123013_jpg.rf.638ccc1c89b2628cf6f5845374418bbc.jpg, 0
IMG_20180713_111359_jpg.rf.63c778cf2915f3c4ed097d6e7e04ea79.jpg, 1
IMG_20180714_103055_jpg.rf.647b7917443c44164d9cf6611338fd5a.jpg, 1
IMG_20180725_122106_jpg.rf.64319fc731f53994805df7d69deca145.jpg, 1
IMG_20100101_033537_jpg.rf.64a9eccba5f33d09ea8619dbca32a053.jpg, 1
IMG_1247_jpg.rf.63ffece34e63a5832fbe29d6e3f68da1.jpg, 1
IMG_20180723_145150_jpg.rf.64325354319f50a0be396831c713e557.jpg, 1
IMG_20100101_022113_jpg.rf.64b24853d9d3dab7e12cbf9b941772e5.jpg, 1
IMG_20180714_103109_jpg.rf.64b815591e673ac7ecba8fbf4d3dc07d.jpg, 1
IMG_20180714_102952_jpg.rf.64be4d8cccd7217e74099606279cd2d6.jpg, 1
IMG_20180723_124006_jpg.rf.64e104d51a7b465ba9d4c25105afede9.jpg, 1
IMG_20100101_033117_jpg.rf.64c641d88ba44f5cc5992423768e22a6.jpg, 1
IMG_20180723_145624_jpg.rf.64c6d3d3222ec50494ad4da1f8be0781.jpg, 1
IMG_20180717_121231_jpg.rf.64d41aa9ea53daf1b08297ba6522753f.jpg, 1
IMG_20180720_143014_jpg.rf.651fda017014a3ab096b66a8e5708392.jpg, 1
IMG_20180720_124223_jpg.rf.6502f6a0eae9bb42992991412f1ff1a0.jpg, 1
IMG_20180723_124020_jpg.rf.64eb8c3b4ed3960bd15eb324fe970442.jpg, 0
IMG_20180721_090210_jpg.rf.64e2dad65e7a25b1e82fd667b39291d3.jpg, 1
IMG_20180811_083610_jpg.rf.658257d54f7fcc05abbd5a5d0973929d.jpg, 1
IMG_20180726_122215_jpg.rf.65da7786802ae4c773f51606446e4c41.jpg, 1
IMG_20180724_125152_jpg.rf.65e8a495231a4e8f19ac1beeb573db2e.jpg, 1
IMG_20180811_084135_jpg.rf.65d4db8e341581c64ff60c1ee67ae776.jpg, 1
IMG_20180810_092204_jpg.rf.662c57eb7ba652596129de82a6862dd5.jpg, 1
IMG_20180724_125716_jpg.rf.662b037e1018eb6fa051bf3540658fa8.jpg, 1
IMG_20180713_104900_jpg.rf.666e89a97910ab404cfab0e9102951ee.jpg, 1
IMG_20180713_104900_jpg.rf.65f9b9de2316d4e4f94db56f9dd6ac23.jpg, 1
IMG_20180714_103352_jpg.rf.6693a3f83a3d048fa9b8411c7d872c14.jpg, 1
IMG_20180723_124116_jpg.rf.66ac08ffde607fde2a4c3d5d010782e4.jpg, 1
IMG_20180810_090257_jpg.rf.66824cd93545ebacb01d35c984e44a9f.jpg, 1
IMG_20180724_121206_jpg.rf.66c50f6a1cc79b479b5860d847edcb2f.jpg, 1
IMG_20180723_124215_jpg.rf.6722abcd1548c9087aeddc58ce741e2f.jpg, 1
IMG_20100101_021612_jpg.rf.66dbc87b7d4d7050fb672fec0596f5e7.jpg, 0
IMG_20180714_102617_jpg.rf.673cfc6f9e942c8a2acb5fa7d0196cc9.jpg, 1
IMG_20180720_123932_jpg.rf.675420f9ff8f18739be5424e39f5782f.jpg, 1
IMG_20180714_103024_jpg.rf.6776fd69d5877c371cf41c80351c8479.jpg, 1
IMG_20180724_124508_jpg.rf.67becd30181cac2d9de8247d5135b151.jpg, 1
IMG_20180721_090532_jpg.rf.678461a309b70306adf81353fbcc0ec1.jpg, 1
IMG_20180719_142841_jpg.rf.6765e6186402eab54da1a710d42252eb.jpg, 1
IMG_20180719_123848_jpg.rf.67f44fbc3c7282bc694bf91bdf4a5890.jpg, 1
IMG_20180723_124904_jpg.rf.67e277df8bd36ba922bff9f3ba0eba73.jpg, 1
IMG_20180714_103329_jpg.rf.67ff2a5315b75c492a4acee7419c7931.jpg, 1
IMG_1311_jpg.rf.67cf35223a3b74270340361bf4908f12.jpg, 1
IMG_20180717_095153_jpg.rf.6810e7f05bd55e99d9c88a1b16ef0135.jpg, 1
IMG_20180720_123409_jpg.rf.680ba4ad7f8dfe3702dbd0bdfec32533.jpg, 1
IMG_20180719_124018_jpg.rf.6825fd0e30f0bca8cb535a9cca9efadc.jpg, 1
IMG_20180724_150828_jpg.rf.686196e0161003fd900151f89823aa53.jpg, 1
IMG_20180724_121345_jpg.rf.68864a237ebdaac37f168f0e1de6fbfa.jpg, 1
IMG_20180810_091623_jpg.rf.6853c1af9b421c3be08b382a93ba4edf.jpg, 1
IMG_20180714_102509_jpg.rf.682d5aba992021fe2c87425686b59bed.jpg, 1
IMG_20180714_103103_jpg.rf.68a6055aedebae61fc0a76d7ff63dd21.jpg, 1
IMG_20180717_095534_jpg.rf.68902b8bd2adbdae0d6ab7bf4819b26e.jpg, 1
IMG_20100101_030848_jpg.rf.68c76e5e4af88b5a7c690204e5bfef92.jpg, 1
IMG_0166_JPG_jpg.rf.6894c8f514f3c1922a7224a82423b76e.jpg, 1
IMG_20180810_092957_jpg.rf.68e9e5a29cf904d424d9f3a2128bb3e1.jpg, 1
IMG_20180720_142912_jpg.rf.68f8599ef67e21d0b23294921cedfc8d.jpg, 1
IMG_20100101_032618_jpg.rf.68e9f57ccf91d89ee0bbf1f709638cea.jpg, 1
IMG_20180719_124405_jpg.rf.68767f86f4cd885114c791c2f1a515ef.jpg, 1
IMG_20180723_122515_jpg.rf.69165003dd9959a74f40e3beb907d5d3.jpg, 1
IMG_20180724_122419_jpg.rf.692d5090a67f929c90be0ef34081c34f.jpg, 1
IMG_20180723_123726_jpg.rf.694ae7d6db3d3c4614f32265665beb80.jpg, 1
IMG_20180721_090210_jpg.rf.6931b8e4f1f9c24fd0782906484d4b1e.jpg, 1
IMG_20180714_103329_jpg.rf.693316d27d64e6a4bec186d44136d5ea.jpg, 1
IMG_20100101_033207_jpg.rf.6953c9d0cdae2ab03a9734fddbcbab5d.jpg, 1
IMG_20180724_123757_jpg.rf.696a21351af3b4b669b81aa98ed6e732.jpg, 1
IMG_20180713_104837_jpg.rf.695f42687966deac7fc2643dc585e147.jpg, 1
IMG_20100101_033101_jpg.rf.69af3d637e0b09418aaef4b16806b744.jpg, 1
IMG_20180723_145937_jpg.rf.6a6e82e986e1536d513a750b37819432.jpg, 1
IMG_20180810_092744_jpg.rf.6a2049e657c0b0ee6bf360eb224f5599.jpg, 1
IMG_1240_jpg.rf.6a42566699f8893928a60a99d6fdc4c1.jpg, 1
IMG_20100101_032949_jpg.rf.6aa0b2238720d39f51055e3395f6210f.jpg, 1
IMG_20180717_121929_jpg.rf.6af22ac79454e160e674ee6a4dd97966.jpg, 1
IMG_20180811_084419_jpg.rf.6afa888b135017370779564d8a493162.jpg, 1
IMG_20180719_142232_jpg.rf.6b2a36d29060a73fd7e2017d8ad08e65.jpg, 1
IMG_20180721_091504_jpg.rf.6b6d8ae9a864bdbe1f6547e8850a4dfa.jpg, 1
IMG_20180720_141301_jpg.rf.6b208a33c417f073c495bc91fc96c7a8.jpg, 1
IMG_20180724_123653_jpg.rf.6b35b5bcdfb2f0d1586d81f1125e93a2.jpg, 1
IMG_20180719_124018_jpg.rf.6b8e5abe1f413f8868a25c26e4ad4974.jpg, 1
IMG_20180811_083942_jpg.rf.6b3d3b4a1a5a547924b9c4f15809aefd.jpg, 1
IMG_20180714_105115_jpg.rf.6bc39d875bb67ff35bbbd51556d661a1.jpg, 1
IMG_20180720_142104_jpg.rf.6b5442e9123d462da865701d97571463.jpg, 1
IMG_20180724_124449_jpg.rf.6b958924cfc08148f6e4bcc6be98b26a.jpg, 1
IMG_1292_jpg.rf.6c3c8c7dc2abbf51d3e1573b7272098d.jpg, 1
IMG_20180723_144816_jpg.rf.6b9737d956f3a968791d82d905dfba45.jpg, 1
IMG_20180810_092905_jpg.rf.6c65fb34db12de2d741835a2ac06f771.jpg, 1
IMG_20180810_085645_jpg.rf.6bf144bec650b68703a97b05a21e12b0.jpg, 1
IMG_20180720_141555_jpg.rf.6c785dc2b9bbf588779211f526c05675.jpg, 1
IMG_20180720_143232_jpg.rf.6c7a78c0f1e7885d088e7700795d108e.jpg, 1
IMG_20180723_123254_jpg.rf.6c836819aa6102076190619ca9f27fee.jpg, 1
IMG_20180723_123522_jpg.rf.6cc655a9d2181a38f138b78a3476449a.jpg, 1
IMG_20180725_121946_jpg.rf.6cf120c00281378b4a87967e84055a53.jpg, 1
IMG_20180724_123708_jpg.rf.6d89110b5a4c8c38204c384571027f6f.jpg, 1
IMG_20100101_021758_jpg.rf.6d1ddafa214425a887c416f8548dbf91.jpg, 1
IMG_20180723_152231_jpg.rf.6d6716e03109a93ceb0b6759934515f5.jpg, 1
IMG_20180725_114019_jpg.rf.6dd9481e31ad4f493cbd5b0c7842b721.jpg, 1
IMG_0089_JPG_jpg.rf.6d13cc0cf06a31fe1156ea79705583dc.jpg, 1
IMG_20180723_123534_jpg.rf.6dfdb222bb91f7a1d1faccaf336e6a88.jpg, 1
IMG_1228_jpg.rf.6de40e29457ef99ff80c1f73180efd50.jpg, 1
IMG_20180721_091322_jpg.rf.6e2c78e48fd6855f8936744d16a1c666.jpg, 1
IMG_20100101_033551_jpg.rf.6e4ea71edef52ba22b888539b05d43e2.jpg, 1
IMG_20180712_221713_jpg.rf.6e701a869aaf5951c89de2c4febdb701.jpg, 1
IMG_20100101_030701_jpg.rf.6e40505e061591efa12aacead3074b76.jpg, 1
IMG_20180723_123708_jpg.rf.6e5365dad2056a731b29717eb411c638.jpg, 1
IMG_20180717_104224_jpg.rf.6e8199435a4659f8dbdb2aca7f9f38c7.jpg, 1
IMG_20180724_121229_jpg.rf.6e902931737f969600298316864ca466.jpg, 1
IMG_20180723_145550_jpg.rf.6e85d122895f512567164017c5d30ef2.jpg, 1
IMG_20180719_141754_jpg.rf.6e8ef786d991344d16f8e5800591f0d4.jpg, 1
IMG_20180713_105056_jpg.rf.6eae59b6ae1b87961ca8a86f07c060bb.jpg, 1
IMG_20180810_092948_jpg.rf.6ef291e15110d6a28d2e7c4908728f74.jpg, 1
IMG_20100101_031744_jpg.rf.6efc8e5ce7a1db5f6ad82a0997928a5c.jpg, 1
IMG_20180720_142131_jpg.rf.6efdfe331e0d8d0c9a995c4fdaded959.jpg, 1
IMG_20180811_083939_jpg.rf.6fc09f029520009af80b082980300e87.jpg, 1
IMG_20180717_121822_jpg.rf.6fcdf254d81027fc97baea8783904fca.jpg, 1
IMG_0157_JPG_jpg.rf.6ec30ac9c178877d420b7b9163479cde.jpg, 1
IMG_20180724_125919_jpg.rf.6f06bd0a3c56f4ad18f4479232a90801.jpg, 1
IMG_20180723_123720_jpg.rf.6f72bd211b8ddd882f72ac84e11de9e3.jpg, 1
IMG_0039_JPG_jpg.rf.6fe0c0b803e9e72072fee0a7a3b754b9.jpg, 1
IMG_20100101_032744_jpg.rf.700bf4d244437c1430e7a797519fce4e.jpg, 1
IMG_20180719_124538_jpg.rf.70175c729f604526995772b79b879f9e.jpg, 1
IMG_20180810_093330_jpg.rf.704fd9de086afc43a84971608e4aebcb.jpg, 1
IMG_20180810_091812_jpg.rf.70b3e0296ef36cf802effb93ebd1e6e0.jpg, 1
IMG_20180723_124006_jpg.rf.70ea7ccb366aa6be0f1dc8f45f2a428a.jpg, 1
IMG_20180723_145854_jpg.rf.70d31bac5044bd433799d716fa2fcf5a.jpg, 1
IMG_20180726_122619_jpg.rf.70a9af9585af882ebce30edf294b470f.jpg, 0
IMG_1260_jpg.rf.70d0ef2240cefc5596488c9c85772ade.jpg, 1
IMG_20180719_142041_jpg.rf.70a8721666e62dfc73a6c012729903a4.jpg, 1
IMG_20180719_143919_jpg.rf.7194639f893b608eb29a83a00964806f.jpg, 1
IMG_20180714_103229_jpg.rf.71934b789c2be037741408e88ed9885b.jpg, 1
IMG_20180719_141737_jpg.rf.7165869351df0fea37b4304e81018f80.jpg, 0
IMG_1257_jpg.rf.70ff1ed9ada345e461934d503bca9e45.jpg, 1
IMG_20180811_083513_jpg.rf.7062cf2caa5fd2bfb55dd8c44591462c.jpg, 1
IMG_20180720_124553_jpg.rf.71b6335a6596c1a0fa4aaa9245e2e335.jpg, 1
IMG_20180714_103033_jpg.rf.720862993539807ea3d1535dbf1ae7ec.jpg, 1
IMG_20180719_125528_jpg.rf.71cd29ef29498c515703e82ba5eabacb.jpg, 1
IMG_20180724_124521_jpg.rf.71bfe4fdebf541c0d7b9625dc9c5e2f5.jpg, 1
IMG_20180721_091759_jpg.rf.725fb3af0fd6d6e2f6d6e32a87187d2c.jpg, 1
IMG_20180720_123553_jpg.rf.7211b8110c28b009166cf8654d79608f.jpg, 1
IMG_20180724_123829_jpg.rf.727fddd20b1677987dbc1a02f3e659a2.jpg, 1
IMG_20180720_142202_jpg.rf.7300f9780721312012c6cab65bdedf6f.jpg, 1
IMG_20180723_145624_jpg.rf.723c8553e628478ecfdcf92a0c64acaf.jpg, 1
IMG_20180723_123302_jpg.rf.72e83cea32f83a8d9a8ecf566dbd5e25.jpg, 1
IMG_1237_jpg.rf.737842e9d0bf4ec2de7261f8a5c25643.jpg, 1
IMG_20180724_122638_jpg.rf.730429e1c6298a68f33d7398da7f6b86.jpg, 1
IMG_20180725_120716_jpg.rf.73a75dd102b1fd7ec4ca00a61e192c6a.jpg, 1
IMG_20180714_102413_jpg.rf.73b55397a6622ec9f93d3ddab27fb787.jpg, 1
IMG_20180720_124211_jpg.rf.73c08cf80ee40abeaf43dd4da5c912fa.jpg, 1
IMG_20180724_123702_jpg.rf.73d278efd426824bf6a22e96b088e4a1.jpg, 1
IMG_20180714_102330_jpg.rf.740fb9679567f04e283a74cbc47650af.jpg, 1
IMG_20180719_143049_jpg.rf.73f79204e4f9877117d9e2d0602fb37b.jpg, 1
IMG_20180721_090127_jpg.rf.74095ef6b2ce1d2528626231348a8535.jpg, 1
IMG_1292_jpg.rf.74463f282e0c9390930d10cc31bb7f92.jpg, 1
IMG_20180723_152213_jpg.rf.74ba8ce1e251b66fc2288d0ef8f0ef57.jpg, 1
IMG_20180724_123908_jpg.rf.7467101711d3ba015588e346b4a54589.jpg, 1
IMG_20180714_102952_jpg.rf.7552f7d0ac4be61a846f691b0ed1b66b.jpg, 1
IMG_20180725_114413_jpg.rf.753435d74ee7defae553f393db6d7151.jpg, 1
IMG_20180724_121606_jpg.rf.756e40127f88c8818fe4610674245081.jpg, 1
IMG_20100101_030848_jpg.rf.7567d28b79ac02fcd374f59b402ca926.jpg, 1
IMG_20180720_124029_jpg.rf.7494c45c7cde72c9f1aeadd1a3a16c99.jpg, 1
IMG_20180723_123708_jpg.rf.75806631eda754fe508ceb6b7171f892.jpg, 1
IMG_20180721_090342_jpg.rf.759796881bab4be0038a15a6450aaf0b.jpg, 1
IMG_20180723_151257_jpg.rf.756ef68aa7e57d348c587b8c19276aa2.jpg, 1
IMG_1266_jpg.rf.75e664e343168c7eb7852a112a07bbe4.jpg, 1
IMG_20180720_123828_jpg.rf.761638b60d96b2aa25f83552dc2d4bf9.jpg, 1
IMG_20180810_092223_jpg.rf.75c11c47d6861982e2779eb35c477dc5.jpg, 1
IMG_20180717_100254_jpg.rf.75e8b873188582d96b479761d8862472.jpg, 1
IMG_20180721_091815_jpg.rf.76526fb8c578808f3c4c147eadcc608f.jpg, 1
IMG_20100101_032219_jpg.rf.7631c81933a572997e39f4a29f5528ad.jpg, 1
IMG_20180810_091707_jpg.rf.7640508e6e901cdb28d633cae1f2c1b1.jpg, 1
IMG_20180719_143326_jpg.rf.76dbfd361acc326789a422ccf63e568c.jpg, 1
IMG_20180719_124517_jpg.rf.768cc59c1f6dad8ecd9d5a0bd210dd48.jpg, 1
IMG_20100101_032553_jpg.rf.765790f65931f4bd0f19327428893c41.jpg, 1
IMG_20180810_090336_jpg.rf.76c54b865cec2226109e9bf5ab822960.jpg, 1
IMG_20100101_030701_jpg.rf.770515c5e0a56c30a4cf2997c0732ae6.jpg, 1
IMG_20180725_121700_jpg.rf.76cd1e5a35a3a79a85a5d87f9ead1d3f.jpg, 1
IMG_20180714_102509_jpg.rf.7722c67247b96d52320fcee103dcd34b.jpg, 1
IMG_0211_JPG_jpg.rf.76f754b6603ab1d53ec9ee92352e1d66.jpg, 1
IMG_20180717_121839_jpg.rf.76d54aeec8ccaa1192634443807e7271.jpg, 1
IMG_20180725_121925_jpg.rf.771b373c5df4fc5b2cb1184106bf0af9.jpg, 1
IMG_20180810_091808_jpg.rf.77915eb4eb493a6596b6a91777993f75.jpg, 1
IMG_20180723_122444_jpg.rf.77b056c7213c0f9a71fc8c1821092c14.jpg, 1
IMG_20100101_023024_jpg.rf.77418e838d74ae82e2e329241bb65172.jpg, 1
IMG_20180811_084101_jpg.rf.78252c7e04ff27c84eaf5682a53fcbf0.jpg, 1
IMG_20180724_124508_jpg.rf.77b99b0a99501534f9e73269386285bd.jpg, 1
IMG_20100101_021651_jpg.rf.77f62b9a3eba4dd2e98bb1f692c80a90.jpg, 1
IMG_20180719_142947_jpg.rf.78162353d231aa579e93296aa1c83384.jpg, 1
IMG_20180811_083542_jpg.rf.781fa568fa02cbb9b2b66e969ce84fc4.jpg, 1
IMG_1230_jpg.rf.786252e108d88c888be1b5db871a8b8e.jpg, 1
IMG_20100101_031702_jpg.rf.787e6e0a3fdcd2e256632d811d3be310.jpg, 1
IMG_20100101_033559_jpg.rf.784280fef877c0ca2dd1791c34ccafd7.jpg, 1
IMG_20180720_123433_jpg.rf.78b57f2796bc23809e1c171a723c3df7.jpg, 1
IMG_20180724_121606_jpg.rf.78f1f84ed46f3db59b63e160a3b178d0.jpg, 1
IMG_20180720_141446_jpg.rf.78fb4db749d2371000865e7c9cc23237.jpg, 1
IMG_20180723_123522_jpg.rf.793f58e1fdb03dd7036a4058ef082b37.jpg, 1
IMG_20100101_032415_jpg.rf.79116a79d357dcae2cbada6d75fe9ff4.jpg, 0
IMG_20100101_031811_jpg.rf.790fd00052b20c9bc484b8b1766f3bc7.jpg, 1
IMG_20180714_102617_jpg.rf.78fc2906afc947e127e3159e497f1e82.jpg, 1
IMG_20180724_122650_jpg.rf.78cf66d29aa5086bc9716fd10091c39b.jpg, 1
IMG_20180724_121853_jpg.rf.7969d2b28662d64ef1f9abf0eec8497d.jpg, 0
IMG_20180720_142920_jpg.rf.79d58ca9df4da9eca5c4854af2475e52.jpg, 1
IMG_1253_jpg.rf.79af104cdeed857b9172638863bd089e.jpg, 1
IMG_20180810_092325_jpg.rf.79be6bd0314aa42b318e860d4d6cf2d7.jpg, 1
IMG_20180719_124953_jpg.rf.7997da60acfe229c9c2f80c251ca114c.jpg, 1
IMG_20180726_122542_jpg.rf.79d607d8e54316f954b63b68995ac21d.jpg, 1
IMG_20100101_030359_jpg.rf.7a1e68fe2d4db8a2fb8d60474fdd804f.jpg, 1
IMG_20100101_030140_jpg.rf.7a3edf9f621ad69312cc504df78acd84.jpg, 1
IMG_20180723_124331_jpg.rf.79f0c5a8ff3a5cdb90862cc421de1f5f.jpg, 1
IMG_20180714_094920_jpg.rf.7a7398868212479f7503e2c48bdb87d5.jpg, 1
IMG_20100101_032949_jpg.rf.7a1a2c83e01778710cf7f00b063d8e49.jpg, 1
IMG_20180713_104837_jpg.rf.7ada02114ba690c609b9c8f439f42286.jpg, 1
IMG_20100101_021612_jpg.rf.7a956b29431493e292520f7875648041.jpg, 0
IMG_20180721_090259_jpg.rf.7b1d6f6332d9d0268ed08281e511784b.jpg, 1
IMG_20180811_084321_jpg.rf.7ae66ede0e45cb7aacf39d8cf0b5898d.jpg, 1
IMG_20180723_124738_jpg.rf.7b21587b916921f9e282152f49b95a12.jpg, 1
IMG_20180717_143613_jpg.rf.7b512905d2cdafc328f184f4ba254bc5.jpg, 1
IMG_20180719_142820_jpg.rf.7b7f9f3c2f63f0737c10c0bb8223fa75.jpg, 1
IMG_20180713_111439_jpg.rf.7b52d73613d7ee4ab63fbc839ffed02d.jpg, 1
IMG_20180721_090927_jpg.rf.7b8573de47071935f860c4b8906a5324.jpg, 1
IMG_20180723_123437_jpg.rf.7b8346ccc5453ff9c05dccd67430e4d6.jpg, 1
IMG_20180719_143143_jpg.rf.7c49da6828b5a6e0f382445d13fb85f3.jpg, 1
IMG_20180724_121315_jpg.rf.7c25f160bc1db3658037a4af03cfa6b8.jpg, 1
IMG_1233_jpg.rf.7c462c065d3e579c7ade980a8c2be3d0.jpg, 1
IMG_20180807_083115_jpg.rf.7c3361e20548a9783ba8efca80c786ba.jpg, 0
IMG_20180724_151727_jpg.rf.7c8f70fc2cdd8c207ada24095920b1b0.jpg, 1
IMG_20180724_151727_jpg.rf.7ca1ea6314551e24a6c9c12fdf4b647d.jpg, 1
IMG_20180730_122522_jpg.rf.7c5e624240eb8ad6e9e51e94c07e37e3.jpg, 1
IMG_0160_JPG_jpg.rf.7c614f3ff7c6e80f372f7ece4391f7b7.jpg, 1
IMG_20180810_092744_jpg.rf.7d6f1d336f8d6fff94b4d3d42aea1d75.jpg, 1
IMG_20180725_121925_jpg.rf.7d3a4c675efe712d46ff4c4dcb8b537a.jpg, 1
IMG_20180724_125716_jpg.rf.7d0e554c7cf6a5706b67db7aab0d8ccd.jpg, 1
IMG_0162_JPG_jpg.rf.7cf399ada2e6b7a694b99f7a009e0528.jpg, 1
IMG_20180810_090521_jpg.rf.7e7decc607879cc43d9735dc7aed1b1b.jpg, 1
IMG_20180723_123653_jpg.rf.7e54d6e38fef0f413260d69edb280746.jpg, 1
IMG_20180811_083617_jpg.rf.7d94f5fdfe458191587b8fa433760e86.jpg, 1
IMG_20180719_125134_jpg.rf.7f71c8220c4cc5326903e1f86554d705.jpg, 1
IMG_1261_jpg.rf.7ef1ee3577021fa3f3eceaf60488cff0.jpg, 1
IMG_20180724_122509_jpg.rf.7eea7cb72b146c05faa61b68c61c7918.jpg, 1
IMG_20180724_122546_jpg.rf.7ee763f6fe89bb23c723dd7c55a1247f.jpg, 1
IMG_20180720_142017_jpg.rf.7f9cee202adfa52f72bd0231ff842993.jpg, 1
IMG_20180721_090414_jpg.rf.7fbf987110efe0fb1d8e10c151bf68b5.jpg, 1
IMG_20180810_092850_jpg.rf.7fb3a71e6d2bd4cc4357d28fdb38572e.jpg, 1
IMG_20180713_111419_jpg.rf.801c372586bb1ef65e7657b94a735499.jpg, 1
IMG_20180723_124450_jpg.rf.7e475a8dd480e219dc0156613d6eeebf.jpg, 1
IMG_20180717_121231_jpg.rf.801f09daee292faeff3cb0c77064e488.jpg, 1
IMG_20180726_122557_jpg.rf.8026e24a746957be3ce916621961a074.jpg, 1
IMG_20180724_121014_jpg.rf.803606133ed0a366b2b0cca0424c6a72.jpg, 1
IMG_20180714_103303_jpg.rf.803e1dbc672db67d9ec47a9b03651579.jpg, 1
IMG_1256_jpg.rf.803505ceff04471e3b6fc6da4a8d8c7c.jpg, 1
IMG_20180724_150041_jpg.rf.7fe5a390bcf8e69c549bf6fcbadbc7cc.jpg, 1
IMG_20180725_121519_jpg.rf.806bea9074130043e9fda7185a88965b.jpg, 0
IMG_20180724_122123_jpg.rf.80c4cdd97c7b1dd5838f6e29253def33.jpg, 1
IMG_1248_jpg.rf.806f142d08daa07351ea9a66f2193654.jpg, 1
IMG_20180724_123723_jpg.rf.811c26f58b41f43a04565c927938078f.jpg, 1
IMG_20180724_122241_jpg.rf.80d678d530f7ec8551b86fb113194c3c.jpg, 1
IMG_20180720_142920_jpg.rf.81c2a30b7d9d3c101598afe83b1200ca.jpg, 1
IMG_20180724_124557_jpg.rf.81806908e7d533b927443295cd7cf9c2.jpg, 1
IMG_0234_JPG_jpg.rf.81dcc0f27370bf229f37cc297b19b093.jpg, 1
IMG_20180714_105117_jpg.rf.82137d9b201840224b6917fc98b3c702.jpg, 1
IMG_20100101_021651_jpg.rf.81e5d0c5b34ce8f6dc547cbf659b0a8b.jpg, 1
IMG_20180714_102413_jpg.rf.826e710771521053e994af83cb963250.jpg, 1
IMG_20180723_152239_jpg.rf.82e9477cd9792649ba266b4daeb14d3f.jpg, 1
IMG_20180723_144816_jpg.rf.82d49d09e7c8ebe975be885960a143ca.jpg, 1
IMG_20180721_091015_jpg.rf.82568ea0a0f9a91885778e552a7d3dd2.jpg, 1
IMG_20100101_033117_jpg.rf.82fa3eb840293b770b737f7958c2e564.jpg, 1
IMG_20180713_111517_jpg.rf.835e21896da921a7c29c1eb29224129e.jpg, 1
IMG_20180723_145550_jpg.rf.82adad44471d9e9eb96702dc2705689c.jpg, 1
IMG_20180720_142141_jpg.rf.83047604fabc575d350e48d919a099b3.jpg, 1
IMG_20180713_111345_jpg.rf.840ab9ef8b0c3a638e87a3f7139319d8.jpg, 1
IMG_20100101_033207_jpg.rf.832e06a31f6cfc0b6521fe422316b91d.jpg, 1
IMG_20180811_084006_jpg.rf.8226fe0aacbce535a32e3b6865f7e1d3.jpg, 1
IMG_1247_jpg.rf.84636988ae97a75b21225bef51e87d95.jpg, 1
IMG_20180725_121845_jpg.rf.844ff61933a030d75bfc00e84206bb45.jpg, 1
IMG_20180717_143613_jpg.rf.845782fb896037f925053c3ed4fd9607.jpg, 1
IMG_20180723_123231_jpg.rf.850360556ce19694fde6ff4f77c43d6a.jpg, 1
IMG_20180811_084101_jpg.rf.850072c6e67ad4d5508be94b06672d17.jpg, 1
IMG_20180714_103109_jpg.rf.84a2ec28f662c40370304944dcdad88a.jpg, 1
IMG_20100101_021624_jpg.rf.84ea459c37926167bb3afb25a13b19f9.jpg, 1
IMG_20180723_123317_jpg.rf.852786d60adc4f1d0fd42fc89d90771d.jpg, 1
IMG_20180723_123302_jpg.rf.18a855fec920bbcbcec55739b012620a.jpg, 1
IMG_20180725_122527_jpg.rf.19ee45a7382edfaab02a201db972b54b.jpg, 0
IMG_20180720_124036_jpg.rf.1b04ec9484bbffe88b8c4500a07ff90b.jpg, 1
IMG_20180724_121614_jpg.rf.1984a9025efb16358b873390b73588a2.jpg, 1
IMG_20180719_143326_jpg.rf.17e14248ffb1f7a19f00e2ffdd22166d.jpg, 1
IMG_20180714_104148_jpg.rf.18d461ed558addc8d51777d99451d68c.jpg, 1
IMG_20180719_124132_jpg.rf.184f7549807c630af404d13e3af23afc.jpg, 0
IMG_20180719_125134_jpg.rf.1a611bf3083529f8bbc1ac63b8cd6780.jpg, 1
IMG_20180724_121406_jpg.rf.1b1fbdc0fa0e762dccdb747c7805f21b.jpg, 1
IMG_20180726_122732_jpg.rf.19b4a3da3cf44f35ecf740f3ee234304.jpg, 0
IMG_20180713_111457_jpg.rf.1b2c749421072ff0211643713abd611b.jpg, 1
IMG_20180721_090151_jpg.rf.188265054f1ea3d359ed9b594a4a937a.jpg, 1
IMG_20180714_102407_jpg.rf.187980e186e895111d840b59841390e8.jpg, 1
IMG_20180811_083713_jpg.rf.1ae840eaedf421f3658aa4c73f122690.jpg, 1
IMG_0212_JPG_jpg.rf.187955b23d4676a98d6d44b3e5c56ba7.jpg, 1
IMG_20180719_143849_jpg.rf.19357c9e26e6271115fac18539511e19.jpg, 1
IMG_20180714_102729_jpg.rf.1891a3f28b288cf8f2f0f4082ad6d883.jpg, 1
IMG_20180724_122345_jpg.rf.1a93980d0425f2a2becfedf9dcbf3650.jpg, 1
IMG_20180723_145451_jpg.rf.1a4f967fc635d46d3fed024e46fcd96c.jpg, 1
IMG_20180725_122016_jpg.rf.1822f9d6515c3ad9a220897add521170.jpg, 1
IMG_20180719_124132_jpg.rf.1b0d456e878d72e9b76cba17f599e7bb.jpg, 0
IMG_20180725_113905_jpg.rf.1b1e541233a5366a9ba08523d55cb870.jpg, 1
IMG_20180724_125230_jpg.rf.18e33618fe49dab1e9653f6c33b94d1d.jpg, 1
IMG_20180811_083951_jpg.rf.19a23b61a81ab12476dd1f1facd56a46.jpg, 1
IMG_20180724_150833_jpg.rf.1b6ecf2ec02b1838c2c8bcb83b9005c3.jpg, 1
IMG_20180721_091412_jpg.rf.1951fe4505f4c53cc7470a2fa379d754.jpg, 1
IMG_20100101_022131_jpg.rf.1b30659e35b34d40fab031048ec8e4ac.jpg, 1
IMG_20180714_095902_jpg.rf.1b4e19d190228aa35ecf97c26868d575.jpg, 1
IMG_20180714_103109_jpg.rf.1b4c498e7992414b18e9534a7354cd54.jpg, 1
IMG_20180720_143255_jpg.rf.1bb23e0a20f64ab4474a32b7ffe34611.jpg, 1
IMG_20180723_122353_jpg.rf.1b8ffeb89059c12d69d31f131fc91025.jpg, 0
IMG_20180723_123055_jpg.rf.1bc3da3a6bd0e34d9f45d0f5f545dc2f.jpg, 1
IMG_0158_JPG_jpg.rf.1bb60922a66bcb0ccdeb7e4fe1eddf11.jpg, 1
IMG_20180712_221713_jpg.rf.1c0ec9dd6f88e1f877e51dea8a279cf1.jpg, 1
IMG_20180811_083849_jpg.rf.1c1c0e156cfb6ecd84f30a96e856776f.jpg, 1
IMG_20180724_120932_jpg.rf.1c46493f8e216bad314ca0b798d4aef1.jpg, 1
IMG_20180724_150952_jpg.rf.1be7053124449b8faf2698d7df0ee5bd.jpg, 1
IMG_20180725_114025_jpg.rf.1ca34f860038969164e6142500ddd717.jpg, 1
IMG_20180721_090532_jpg.rf.1c7c9755444267f4a31d737357674703.jpg, 1
IMG_20180810_092223_jpg.rf.1ca44ee06b26b0b9a55e2a08da9a4b88.jpg, 1
IMG_0063_JPG_jpg.rf.1c4fac416fc0671c5ab0a840a36e4fb0.jpg, 1
IMG_20180719_123704_jpg.rf.1ceebc7b7a0245bc83aa3370ef2520b6.jpg, 1
IMG_20180810_090257_jpg.rf.1d01556f479967a4a72f25df01ab9aba.jpg, 1
IMG_20180724_123702_jpg.rf.1cd8eee5cae9f12693e04e0e8fc43ab8.jpg, 1
IMG_20180720_143255_jpg.rf.1cf1d8de8a4f9cb6d1ac9b40e54ddd39.jpg, 1
IMG_20180721_090342_jpg.rf.1d446bc7e3b71678efa1e390d473a479.jpg, 1
IMG_0030_JPG_jpg.rf.1d7b8c1db892fd0bc50fa2dba72d49f7.jpg, 1
IMG_20180724_150833_jpg.rf.1d69ed81e498b4e4da178f12cdb63f48.jpg, 1
IMG_20180811_083436_jpg.rf.1d4a82f30a7503627f9ae28c002907fb.jpg, 1
IMG_20180719_142627_jpg.rf.1d94e86dff46f12c335f770e962d171f.jpg, 0
IMG_20180714_103417_jpg.rf.1daf4613a5515052d56746bd66401526.jpg, 1
IMG_20180719_144127_jpg.rf.1d81da4529cc5611b2b6caf65c09c439.jpg, 1
IMG_20180714_103038_jpg.rf.1da393408ca6a40b7a544809a24c27a2.jpg, 1
IMG_20180724_122509_jpg.rf.1dc0c06c0cee45995e44bbce77b0ee3d.jpg, 1
IMG_20100101_022751_jpg.rf.1de974be17ec7d0bee02ba497c76d723.jpg, 0
IMG_20180723_123744_jpg.rf.1df7c465d8c1e43ccb32126ebbf60b67.jpg, 1
IMG_20180719_142955_jpg.rf.1dfbb2f287154c7dab2bc48810fe3f34.jpg, 1
IMG_20180723_124116_jpg.rf.1e3b56f8429639d305deefff36bd80ac.jpg, 1
IMG_20180717_095144_jpg.rf.1e101e3b2a8540fefabbab1996c62804.jpg, 0
IMG_20180726_122238_jpg.rf.1e320f628e39115f2f327c5c3e9dcdf0.jpg, 1
IMG_0232_JPG_jpg.rf.1e33e6f0e81f04baa7a940b58bebd769.jpg, 1
IMG_20180725_122345_jpg.rf.1ebe6239a8050d3085db8c6559ae9b2a.jpg, 1
IMG_20100101_032532_jpg.rf.1e803a71bca4765e707b9d1b96d5ba37.jpg, 1
IMG_20180724_121704_jpg.rf.1edb927eedc0481469ecc9f37ff32592.jpg, 1
IMG_1260_jpg.rf.1f20fdecda9322c2f064ce5e00bdd5d4.jpg, 1
IMG_0168_JPG_jpg.rf.1f00a57f9b0cfa813db1f8346facab6c.jpg, 1
IMG_20180725_114748_jpg.rf.1ee0bed48d15b407fffbc6fceafc28cc.jpg, 1
IMG_20180726_122652_jpg.rf.1f92b33fc966463d2e695bdf011e482e.jpg, 1
IMG_20100101_022529_jpg.rf.1f83c4aeab655aecfbaa82f3ebd47d59.jpg, 1
IMG_20100101_030428_jpg.rf.20079b3245e59bd34aad19078fdea382.jpg, 0
IMG_0160_JPG_jpg.rf.20308edd0a09a8f7e4ebfb095e052918.jpg, 1
IMG_20180724_121345_jpg.rf.20491ceebf32211d50f01532bf077ae2.jpg, 1
IMG_20180720_141225_jpg.rf.2066a7e9ff14fed1d7ea7d607bb2ac26.jpg, 1
IMG_0063_JPG_jpg.rf.209612b05f6f375d07da735d44870404.jpg, 1
IMG_20180717_105138_jpg.rf.1f9367ca8d33ee165dcf47f6bf063282.jpg, 1
IMG_20180723_145631_jpg.rf.206c966339eb04b4ad698c81e0f7c5af.jpg, 1
IMG_20180723_123720_jpg.rf.20804bc6cedc2b1d222a1ebe7b33b10c.jpg, 1
IMG_20180726_122732_jpg.rf.215f27df8c570e594f6cdb421532af8a.jpg, 0
IMG_20180723_145703_jpg.rf.20e52ee8687c8e17488abdab62af2298.jpg, 1
IMG_20180719_124458_jpg.rf.21ae2509315b087eee82db21d34f2d59.jpg, 1
IMG_20180719_125049_jpg.rf.20e8c18e80e7c56862ccb4a891850429.jpg, 1
IMG_20180717_122524_jpg.rf.21bff474324210996b8da2985eca4d50.jpg, 1
IMG_20180719_123752_jpg.rf.21aeb43c1ddcfbff0fac9126976f39a9.jpg, 1
IMG_20180714_103103_jpg.rf.221a34a8668c972c2769c73268993224.jpg, 1
IMG_20180724_150952_jpg.rf.225200c99ef5a83b1f2ae85a7913bdfa.jpg, 1
IMG_20180724_123557_jpg.rf.22540592ab1b939d45e572437149d80d.jpg, 1
IMG_20180719_143049_jpg.rf.223ad0795b923787a0e25f696ddda0dd.jpg, 1
IMG_20180811_083847_jpg.rf.2274f2ddf010f67c088885e340de27d1.jpg, 1
IMG_20180720_141907_jpg.rf.229590385fb4a90676c4c6837c62c624.jpg, 1
IMG_20180719_123927_jpg.rf.22d67bd0e7c0933ed57a87880ec62b2b.jpg, 1
IMG_20180723_150532_jpg.rf.22a6034dad3db282269afa0488ed7ce5.jpg, 1
IMG_20100101_033259_jpg.rf.22c0ebd2039a1a88425e50481b4fe84a.jpg, 1
IMG_1231_jpg.rf.23169cffd18bbc8d43f8594c48397938.jpg, 1
IMG_20180719_123643_jpg.rf.232a12720a7d6b0007ff84e4cf4cb6d1.jpg, 1
IMG_0169_JPG_jpg.rf.2333702a24dbfed363b0450c5886701b.jpg, 1
IMG_20180723_122707_jpg.rf.232b1bf1c3ff674f70d93b0cf78d0928.jpg, 1
IMG_20180724_122241_jpg.rf.23a7a1a9e33a9872a4384e2de249f0b3.jpg, 1
IMG_20180721_090222_jpg.rf.23fbbdd91f963a4957efb64f65119076.jpg, 1
IMG_20180724_121258_jpg.rf.2401ed46dd3a0bf301f3ff9d4de52c46.jpg, 1
IMG_20180721_091759_jpg.rf.23e27e4092459e667c2cc393450045de.jpg, 1
IMG_20180714_103542_jpg.rf.24a163d1efb6db5376e73776b2f08327.jpg, 1
IMG_20180717_105138_jpg.rf.2481d247adbfddd0c09c144287efc00c.jpg, 1
IMG_0026_JPG_jpg.rf.2464c496a87c69cea99d263718f50c1a.jpg, 1
IMG_20100101_030359_jpg.rf.24110dd227046c4b8f20203541979f59.jpg, 1
IMG_20180810_092254_jpg.rf.23fe62b33cc000924052ad249559b11d.jpg, 0
IMG_20180723_123939_jpg.rf.25119e1c48e35c2635fd22ee4f37fde8.jpg, 1
IMG_20180811_083552_jpg.rf.2524d9cff1281ce7dc9d80925be22b2b.jpg, 1
IMG_0230_JPG_jpg.rf.2535cb99ffdf2f7eab2be61328300243.jpg, 1
IMG_20180714_094934_jpg.rf.253483e70fe8fc06d88dfca24f13875c.jpg, 1
IMG_20180725_121228_jpg.rf.2541098dafe9b1bad8f004a99c73b249.jpg, 1
IMG_20180724_121113_jpg.rf.24a287152e3a65ff8567946f34d11168.jpg, 1
IMG_20100101_031744_jpg.rf.24f2955b1c9b1a0d4a9b53e67572d9d4.jpg, 1
IMG_20180724_120919_jpg.rf.254a7897bc50fa68ec8cee767a0863f7.jpg, 1
IMG_1258_jpg.rf.2596233c0324fb9046cbce95cce0d327.jpg, 1
IMG_20180810_092723_jpg.rf.256ae623e92a71b70d666debfbb4f8d9.jpg, 1
IMG_20180725_115203_jpg.rf.25bc0b7e44d68a58c5b3e1b47ba1d6ed.jpg, 1
IMG_20180723_123830_jpg.rf.25ab7f7f9c8e945f0aafaff3160640aa.jpg, 1
IMG_20180714_095301_jpg.rf.25d547c861f1f3472950ec085f4bd8cf.jpg, 1
IMG_20180719_142223_jpg.rf.2622005dbac766e2f6cf82c39a32107c.jpg, 1
IMG_20180720_123651_jpg.rf.25de2e081f31881fd24c915dc0196d38.jpg, 0
IMG_20180810_093330_jpg.rf.262dc01b83ab2bfdd20095b11f966a6a.jpg, 1
IMG_1311_jpg.rf.265d2e569dd47a900a0fb94d3b843195.jpg, 1
IMG_20180723_122946_jpg.rf.25bedcf856e926e829d9fd44881ed6ca.jpg, 0
IMG_20180717_122646_jpg.rf.26cd980c846a040bde9baf2f93163784.jpg, 1
IMG_20180723_123134_jpg.rf.268afdc363961575e924eb3c2404c9ac.jpg, 1
IMG_20180724_120903_jpg.rf.2704eb1637dbed077c5c1844f34afe31.jpg, 1
IMG_20100101_021758_jpg.rf.2639a0fc215213e4db851beb68859cb3.jpg, 1
IMG_20180724_121102_jpg.rf.26f7f6188d323d5c42896c3d8760910f.jpg, 1
IMG_20180725_120946_jpg.rf.270738c230ec1afe3a61798d0a0c53e5.jpg, 1
IMG_20180720_123508_jpg.rf.2732f6afb3d6b3f1898ed65096127f5e.jpg, 1
IMG_1241_jpg.rf.276a182914e7ebb386e02981e43608d5.jpg, 1
IMG_20180717_122754_jpg.rf.279ed3355b872b7f7bb23b695d1177fd.jpg, 1
IMG_20180724_121053_jpg.rf.27cc9e1457e6a979fe995e37ec340505.jpg, 1
IMG_20180724_124339_jpg.rf.27ad1313754c126e4df50f4752dc7765.jpg, 1
IMG_20100101_031000_jpg.rf.27172abcb68623d8527b10e5fcc4be5a.jpg, 0
IMG_20180720_124320_jpg.rf.27bb68af878998f6cff89a7ea9587021.jpg, 1
IMG_20100101_032423_jpg.rf.280605d59d70e007aaac7fc70d78fcf5.jpg, 1
IMG_20180714_103808_jpg.rf.27ba8433712072d766e3181694411230.jpg, 1
IMG_20180713_110059_jpg.rf.280c44bb92f7b0dbea350d6ae9388581.jpg, 1
IMG_20180720_141446_jpg.rf.286a4a9d2618c68670e57fe2c73787be.jpg, 1
IMG_20180719_124340_jpg.rf.285ee400f2fd27fec5fe71fa2846fef1.jpg, 0
IMG_20180721_091322_jpg.rf.28a10801438fe5432153cc86958143b9.jpg, 1
IMG_20180717_144253_jpg.rf.28f628779ddf82a32b46aa44ce2e5517.jpg, 1
IMG_0221_JPG_jpg.rf.28f9f551f36567c8f7c2453654e62541.jpg, 1
IMG_20180713_110546_jpg.rf.28ac86b3b5ddecbb8d02856ac403e0c4.jpg, 1
IMG_20180725_120120_jpg.rf.287037498f5d989dea480bc5aefcd82d.jpg, 1
IMG_20100101_032532_jpg.rf.28734af68ade444d7031897eac0c29a5.jpg, 1
IMG_1253_jpg.rf.28fa8455341b8abf451e63bdf92842fa.jpg, 1
IMG_20180723_123209_jpg.rf.2870ab3b6aff1d5d6104a150b7a7251f.jpg, 1
IMG_20180721_090702_jpg.rf.2927f93ad4f699b6a6d83277c0cee782.jpg, 1
IMG_20180723_150104_jpg.rf.291720764ab608eb99a192b6b0633206.jpg, 1
IMG_20180713_111439_jpg.rf.29361be447f0c1a0078c2353577e92a3.jpg, 1
IMG_20180717_121303_jpg.rf.29662cb6ad2a02b7afb14f620ad49c53.jpg, 1
IMG_20180720_142708_jpg.rf.29e94dcd932aebc9a6a6d220b15a3de2.jpg, 1
IMG_20180724_124548_jpg.rf.2a360dc26d5b5717533d9d062091b42f.jpg, 1
IMG_20180725_120143_jpg.rf.2a09a88b5b1f6ddf9040e5bdecc1a910.jpg, 1
IMG_20180713_111504_jpg.rf.2a2e01c72f8574e44ac5351ee49499ae.jpg, 1
IMG_20180725_121222_jpg.rf.2a938a9b7d907836a4df5c35f7138271.jpg, 1
IMG_20180725_115024_jpg.rf.2a39e718ee43a25576654f3898e143c2.jpg, 1
IMG_20180719_124206_jpg.rf.2a3fb1ea3ef71663850de9341702dc6c.jpg, 1
IMG_20180724_121924_jpg.rf.2a5cd81d7f06088af8d5868ef481140e.jpg, 1
IMG_20180720_142017_jpg.rf.2aa8d9499131151dce77e29b583fc544.jpg, 1
IMG_20180724_121924_jpg.rf.2aade1f6c65440bac495cb4c9f0dda47.jpg, 1
IMG_20180810_092254_jpg.rf.2aa0bfee5f3ab817c8846024aa76aae5.jpg, 0
IMG_20180724_124449_jpg.rf.2a9b3e6fe92e1541eacec094378b742d.jpg, 1
IMG_20180725_121940_jpg.rf.2b23b49638bf70b44466f707a366b205.jpg, 1
IMG_20180713_111345_jpg.rf.2ad6d298339b996ddacfec9afa918a90.jpg, 1
IMG_20180719_123848_jpg.rf.2b19838a958c2a4d84c632316b240088.jpg, 1
IMG_20180720_142048_jpg.rf.2b19ebea5f7f9a5e5e2b7346ad32ab9c.jpg, 1
IMG_20180724_122017_jpg.rf.2c3d3a0e7766a8aff1108dff8bd712f5.jpg, 0
IMG_20180723_144902_jpg.rf.2bb719ce2da10da528a675b2e3de7360.jpg, 1
IMG_1266_jpg.rf.2c9e236f9692dc269d05472f97a6bca7.jpg, 1
IMG_20100101_032407_jpg.rf.2bc0d52cc1ee7052d4c23c3dc80a2de2.jpg, 1
IMG_20180725_121240_jpg.rf.2b4b14fee56f1647d19002568b7fd335.jpg, 1
IMG_0234_JPG_jpg.rf.2c06bb849504712059da4741aba52129.jpg, 1
IMG_20180717_105032_jpg.rf.2c3427f88a0b21dee7761887fdf8871e.jpg, 1
IMG_20180723_145703_jpg.rf.2d2cd39b79fded9d5839998f40d3e29b.jpg, 1
IMG_20180726_122652_jpg.rf.2c4e24300b20902a3fd990ee3214ca2d.jpg, 1
IMG_20180810_092236_jpg.rf.2cd5e972992937146dca792e3c7dd40e.jpg, 1
IMG_1245_jpg.rf.2cab5656743ab895c15720663d108455.jpg, 1
IMG_20180721_090222_jpg.rf.2d2f730fae30ed8a24890b4d35772f82.jpg, 1
IMG_20180719_142627_jpg.rf.2d3f556cde001e089de04bb24e374241.jpg, 0
IMG_20180713_105056_jpg.rf.2d68d6cbe4d7055a56b1beb8f3577950.jpg, 1
IMG_1253_jpg.rf.2dbb1dafe8d016d7734c460c36e5b0de.jpg, 1
IMG_20180720_142853_jpg.rf.2d4a85ad3d3cd0a5cc9c0eb51e36f895.jpg, 1
IMG_20180724_124414_jpg.rf.2dbe09ac7955216c09d3bd76941e2c28.jpg, 1
IMG_20180724_123732_jpg.rf.2dccc2daeadc7aad417dcd567bd5473b.jpg, 1
IMG_20180720_142447_jpg.rf.2e435383ce8e700c20a56e3f60901d13.jpg, 1
IMG_20180724_121502_jpg.rf.2e4d842ff233b192822bfcfc54f5265b.jpg, 1
IMG_20100101_033637_jpg.rf.2e77224cf760c35ddf8074fab7e2ea9f.jpg, 1
IMG_20180713_111419_jpg.rf.2efa85ffd6f025e5214807af741f64c9.jpg, 1
IMG_20180719_142853_jpg.rf.2eba03c301e0b38607f459ac1ceb2f8d.jpg, 1
IMG_20180720_142038_jpg.rf.2f175d20c12105e57e6cbdf21fb37017.jpg, 1
IMG_0158_JPG_jpg.rf.2f2a5889c9ee168f526d235dc92bd47f.jpg, 1
IMG_20180718_105325_jpg.rf.2f3eedca1215377535605acaf77f9d8c.jpg, 1
IMG_20180723_123454_jpg.rf.2f1774ae84bd1d3c93e2eefd4dc3776d.jpg, 1
IMG_20180724_150828_jpg.rf.2f5b75167a434a2ffc83f2a9d4287b7c.jpg, 1
IMG_20180713_104837_jpg.rf.2f61e7722d85b7da0dfae242451933be.jpg, 1
IMG_20180726_122557_jpg.rf.2fd364bd9158910949872f280e7fba08.jpg, 1
IMG_20180720_142751_jpg.rf.300f1c270b5689e7c6c12032dcd43e17.jpg, 1
IMG_20180720_123656_jpg.rf.2f5242440a15aadda1d97b19570e8d64.jpg, 0
IMG_0074_JPG_jpg.rf.2fdf5b7f5b4fefe5fd4e2146207ca166.jpg, 1
IMG_20180721_090244_jpg.rf.302a20dbd1fbddc230e221a4418ab96d.jpg, 1
IMG_20180720_123954_jpg.rf.2fe2fbe410cf7b440c080a757162df71.jpg, 1
IMG_20180724_121657_jpg.rf.2f358f2718742450362a14166b354394.jpg, 1
IMG_20180720_124444_jpg.rf.305e416cd10dc1b67b325fd63a3ceeca.jpg, 1
IMG_1294_jpg.rf.315171a2e53d7de4730d834a77f5d96e.jpg, 1
IMG_20180719_123927_jpg.rf.31416c99b4892c6eb0e4acb1f9229526.jpg, 1
IMG_20180723_145104_jpg.rf.30f46b548cd8a3d18a3740d15bece60b.jpg, 0
IMG_20180811_083912_jpg.rf.317b82e0a0bf63047ad810b1f1093da7.jpg, 1
IMG_20180714_103038_jpg.rf.3172721bdabe33398a3035473b14afcf.jpg, 1
IMG_20180720_142846_jpg.rf.319d367eaf34a64a236a26fca4a78638.jpg, 1
IMG_20180724_121905_jpg.rf.32197fd4c944aa19b248d883df3ae58a.jpg, 1
IMG_1290_jpg.rf.31ad5d3ce399609b725a821c45466ffa.jpg, 1
IMG_20180721_090007_jpg.rf.3214a0ef1b006cc418b817f4de2f7b19.jpg, 1
IMG_0061_JPG_jpg.rf.31f66c4994b0045d9ab96c364d06a98d.jpg, 1
IMG_20180724_123619_jpg.rf.3222f93b6f0f0a1d15ce0bbbf480b92d.jpg, 1
IMG_20180724_122327_jpg.rf.323a953d1983b8a9ae238922c7bb6dbc.jpg, 1
IMG_20180723_144902_jpg.rf.3232be7a8a18217500f8895b1444fea7.jpg, 1
IMG_0169_JPG_jpg.rf.325b249ac64cb0bc7f0ec9a0b0db9161.jpg, 1
IMG_0136_JPG_jpg.rf.32db1248e35d4d061c75fb21f0e4d398.jpg, 1
IMG_20100101_022907_jpg.rf.3281d755caec414121607dd543f37afa.jpg, 1
IMG_20180810_092744_jpg.rf.32c6a42eedb6bc704f81e65bfa318477.jpg, 1
IMG_20180718_105313_jpg.rf.3352b885e8e93ade62ee57071b76548e.jpg, 1
IMG_20180720_142509_jpg.rf.32b03c6ca1ab3888d133b4844a8301db.jpg, 1
IMG_20180724_121258_jpg.rf.327ad1de0ccef0f608c3918bc7fa5915.jpg, 1
IMG_20180723_122952_jpg.rf.334b16ee529d9e77ad97a35f794d9d2a.jpg, 1
IMG_20180720_141952_jpg.rf.33737625b7eb0c8c70a99fed45df2fa0.jpg, 1
IMG_20180810_090804_jpg.rf.339de8d7f124a1cbc8bcb719a938b70c.jpg, 1
IMG_20180723_123015_jpg.rf.338bcc1208ab3c6236a697cddc00b1fb.jpg, 1
IMG_20180719_143627_jpg.rf.334c422afffb5a1a767c15b0f99f3b6a.jpg, 0
IMG_20180724_122327_jpg.rf.33ce77719eea57740418a6bf0e024179.jpg, 1
IMG_20180723_123915_jpg.rf.33d1e0c92770c871df95c01aa89fb08c.jpg, 1
IMG_20180720_124123_jpg.rf.33db4f03c3f135391a6a563d698ab563.jpg, 1
IMG_20180724_122133_jpg.rf.33e73c25adc1ddd93d6c942c4dfb3cd6.jpg, 1
IMG_20180714_103229_jpg.rf.33fc13f95f9c5c04adab9f18a3341385.jpg, 1
IMG_20180721_091732_jpg.rf.33e392c75f7f9cca953e10d6b627ecb9.jpg, 1
IMG_20180723_123055_jpg.rf.342b19f70a39052129868b0a5496e235.jpg, 1
IMG_20180723_122941_jpg.rf.33fe17d9dd276a957d049b2f281a1600.jpg, 1
IMG_0234_JPG_jpg.rf.340358703448c721379909691b9dd7be.jpg, 1
IMG_20180723_123720_jpg.rf.34385340c3e363126743fe8134d73670.jpg, 1
IMG_20180721_091524_jpg.rf.346b39a2e4f518593481016ea2b3b38b.jpg, 1
IMG_20180719_124625_jpg.rf.34a604cf60f15178bdd22466974828af.jpg, 1
IMG_20180723_124738_jpg.rf.34588905632de58bae9aca9e42884aa6.jpg, 1
IMG_20180723_123015_jpg.rf.349dca5efe64f01b06542dee26971cd5.jpg, 1
IMG_20180721_090702_jpg.rf.3561a8ce23f08117a1d4d7c336279cff.jpg, 1
IMG_20100101_031606_jpg.rf.354a08efa8f758e7b991dbbf9ccfcde5.jpg, 1
IMG_20180724_121629_jpg.rf.34bdc3d08bac81eec7022a4543a5b77c.jpg, 1
IMG_20180717_105052_jpg.rf.355a1c45cf1de2c1b35066ba8d023bab.jpg, 1
IMG_20180725_120120_jpg.rf.3574d2f3d8ebd9882fed8a655dc9473d.jpg, 1
IMG_20180717_104525_jpg.rf.357849a9303da9b731fa6f3b810d68da.jpg, 1
IMG_20180723_150104_jpg.rf.3571e7b0cfa9c25b3b1bf130dc26a34b.jpg, 1
IMG_20180724_120949_jpg.rf.35d15227a4b353f578afed1e784f6c07.jpg, 1
IMG_20180810_085645_jpg.rf.35dfcd266eeccc6db8ecab409a118817.jpg, 1
IMG_20180810_091808_jpg.rf.35e4146b3ed572f5e1d60026f46b66e5.jpg, 1
IMG_20180725_114019_jpg.rf.35e6e7c9d82757bbdbb0cd39bce3c7ee.jpg, 1
IMG_20100101_021455_jpg.rf.3659564d6c40cc93d049cbb4b657e502.jpg, 1
IMG_20180811_084006_jpg.rf.362d917026db4c039ea1060e7d55abdd.jpg, 1
IMG_20180719_142853_jpg.rf.3604b7ced077390df6323cbe848ea607.jpg, 1
IMG_20100101_033117_jpg.rf.360e4f4930e707c8c394cb289cd3007a.jpg, 1
IMG_20180726_122400_jpg.rf.36a2a6678789479fbda8d753dde9a6f7.jpg, 1
IMG_20180719_124018_jpg.rf.367f195c196b4b855bd8c51b9fe04646.jpg, 1
IMG_20180810_090555_jpg.rf.36523736d5e745c55b2e168fc81e55f4.jpg, 1
IMG_1258_jpg.rf.36adeba75190a25782439085e70e7b4b.jpg, 1
IMG_20180724_123757_jpg.rf.36b1fe8731ae2a136bbe09658c5d0408.jpg, 1
IMG_20180810_093330_jpg.rf.36ebf31b5e5b9c6589f3fe12c7bd1377.jpg, 1
IMG_20180723_152239_jpg.rf.36c1b3dec986357070901ce304a51389.jpg, 1
IMG_20180724_122314_jpg.rf.36df46ea5dd4b24f1928bfd64bdd7af0.jpg, 1
IMG_20180726_122238_jpg.rf.36b958bae444ba2c41bc516d0d157fff.jpg, 1
IMG_20180723_123231_jpg.rf.374ad3bf8a01feb5f645f9aa7d7486b4.jpg, 1
IMG_20180726_122400_jpg.rf.37425d5de5a2867fa8ef3f4a5829e423.jpg, 1
IMG_20180717_100254_jpg.rf.373c40fe079e4d68f859a3cda08fd738.jpg, 1
IMG_20180811_084200_jpg.rf.36fbe5066e54fecd67cb56ef09f09a91.jpg, 1
IMG_20180811_084341_jpg.rf.3788b7ad6f0a1d5a389cae7a8cbc1809.jpg, 1
IMG_20180719_141737_jpg.rf.3766b97b5c006a2dbb509e4d4a8cc37d.jpg, 0
IMG_0074_JPG_jpg.rf.37926424e12377a55a8fdd991461738a.jpg, 1
IMG_20180719_144127_jpg.rf.37a10f081e53e7cb4b464614dbf61683.jpg, 1
IMG_20180719_123752_jpg.rf.3815dcf34f5352f2ee1e967dc9c48432.jpg, 1
IMG_0157_JPG_jpg.rf.37b6f0896cee7eb4d9bf238f9c67fcc9.jpg, 1
IMG_20180714_105021_jpg.rf.37aa6de1fed27be8bcf43028923b552c.jpg, 1
IMG_20180720_142131_jpg.rf.392cec7671a453ef8359f4ed347be4b0.jpg, 1
IMG_20100101_022907_jpg.rf.386d4f3ec99147f977469c94ac49bda9.jpg, 1
IMG_20180724_121149_jpg.rf.38c2e32960a0f6e44fc4edc69aac0155.jpg, 1
IMG_1315_jpg.rf.39a83021ec1006d592c62acecfabf5ed.jpg, 1
IMG_20180811_084236_jpg.rf.39ad1b9bb58f22ff4275f8eadce9297e.jpg, 0
IMG_20180719_123927_jpg.rf.38f8faef8deeff1cb00be3027ba2ebf9.jpg, 1
IMG_20180720_124444_jpg.rf.39d570fa44126b14bddd66f2a6baae5f.jpg, 1
IMG_20180720_123954_jpg.rf.3971b49213e7c832a0e456d1bfbaa5d8.jpg, 1
IMG_20180723_123209_jpg.rf.38877cd0b438c55c96344befbd3cb625.jpg, 1
IMG_20180811_083713_jpg.rf.384b4e06610bf7348c32ca49c39768b7.jpg, 1
IMG_20180811_084012_jpg.rf.39b35e995e100f314b84932ecca07f9f.jpg, 1
IMG_20180719_144116_jpg.rf.39c35b009de1296c12372ccf4aa082fe.jpg, 1
IMG_20180726_122619_jpg.rf.3a0c18a8b26329111835e954c1570b3e.jpg, 0
IMG_20180811_084101_jpg.rf.3a0c4b82a1cd10fcc84eca7d6c7be24d.jpg, 1
IMG_1255_jpg.rf.3a9f6841fbbb87ea1c268021313adda8.jpg, 1
IMG_20180719_142820_jpg.rf.3ab73846d9552fa173f474641896c273.jpg, 1
IMG_0225_JPG_jpg.rf.3a21abcc4dd21d0a7f1caa04d1f67e8f.jpg, 1
IMG_20180719_142223_jpg.rf.3b381b362a10a8b5177186cccd3f61fb.jpg, 1
IMG_20180717_104525_jpg.rf.39e56b44988effacb947ea357c073fd1.jpg, 1
IMG_20180721_091524_jpg.rf.3a316caacf4cd3f1c3df907509512278.jpg, 1
IMG_20180723_145947_jpg.rf.3acca72acf703160eb7b92428cb2d43b.jpg, 1
IMG_20180810_093312_jpg.rf.3af5a73c61b84870ec4a9457471317bc.jpg, 1
IMG_20180726_122332_jpg.rf.3b4fd295d7a25271f3860561286aea02.jpg, 1
IMG_0036_JPG_jpg.rf.3b0272e4c605bd558f9d6a248177d1da.jpg, 1
IMG_1284_jpg.rf.3b43ff041a9452ffa47c16c1bf90afce.jpg, 1
IMG_20180714_104148_jpg.rf.3898c66ed86be6b2e854db6433b2bd0c.jpg, 1
IMG_20180725_121925_jpg.rf.3b2560fdd5b667b5253e205fc2232655.jpg, 1
IMG_20180714_094920_jpg.rf.f686981cd6382e7f7b0cb62b0c46539e.jpg, 1
IMG_20180723_124259_jpg.rf.f59295ee04cc637098ee73683da0c87c.jpg, 1
IMG_20180720_124223_jpg.rf.f67ce516d07cba1778febc4ebc8697d2.jpg, 1
IMG_20180719_142841_jpg.rf.f58d466e2ba5480f5fd60255357a8a0a.jpg, 1
IMG_20180725_120256_jpg.rf.f632647051ed5f7686100cd8e648554d.jpg, 1
IMG_0078_JPG_jpg.rf.f5e0d8885e85aac6ccdaa0d1552d293e.jpg, 1
IMG_20100101_022751_jpg.rf.f4aa2dc0d378b663ad7a4fc4ef121051.jpg, 0
IMG_20100101_022529_jpg.rf.f62870da09d775dbd2567413f3e43c02.jpg, 1
IMG_20180719_143034_jpg.rf.f64b3ce8860ccc6db3ce74b37d5958c9.jpg, 0
IMG_20180720_141446_jpg.rf.f537d25c51d3a041b2018e4842303e92.jpg, 1
IMG_20180714_103303_jpg.rf.f45f22a62116704308c34046e44e9409.jpg, 1
IMG_20180723_150147_jpg.rf.f44b52f33c3097fe8c684803e17c8137.jpg, 1
IMG_20180720_143002_jpg.rf.f4df25c90db7be46c34b21343d5d4c7c.jpg, 1
IMG_20180724_121258_jpg.rf.f646a5a5a43901364dfac4b137794f74.jpg, 1
IMG_20180717_121404_jpg.rf.f652d56acf620241dd267b799f5cd63b.jpg, 1
IMG_20180724_124521_jpg.rf.f4693d98d32e9b8f605c22cf4c43de93.jpg, 1
IMG_1241_jpg.rf.f4f29d4bfe6a9a93f53a1c6fa1e6c52b.jpg, 1
IMG_20180720_142038_jpg.rf.f62cb1841d187d6db6e3bdb0c40ecde6.jpg, 1
IMG_20180723_122707_jpg.rf.f432ae50a1852317d4d8f763d7a06ffc.jpg, 1
IMG_20180714_095902_jpg.rf.f64932cf2dc83b0ee229d5b8d97394f6.jpg, 1
IMG_20180723_123911_jpg.rf.f50f02bace40ca50d5f0eb60bd93cf61.jpg, 1
IMG_20180723_145753_jpg.rf.f68754d65d7181e65f29de95609844b3.jpg, 1
IMG_20180719_124553_jpg.rf.f4885144f17df8caf45f74f3569eb115.jpg, 1
IMG_20180724_121406_jpg.rf.f6a3a3aa7cc340128767b7d723c949f4.jpg, 1
IMG_20180725_114304_jpg.rf.f5872bc2af287e0624c77ebc7f37cdf9.jpg, 0
IMG_20180724_121819_jpg.rf.f6dc42bf6dbb35de5d47f26d74b0ed6a.jpg, 1
IMG_20180720_124107_jpg.rf.f54f8679bb0dd2519073e99f6bb71ab8.jpg, 1
IMG_1252_jpg.rf.f6b0dd9e75502d474c6950c3fd2cba5b.jpg, 1
IMG_20100101_031423_jpg.rf.f70900f89586d0aef4f0610b0d71b597.jpg, 1
IMG_20180723_151534_jpg.rf.f72d3f0462bede30065142ffa241bd9e.jpg, 1
IMG_20180723_123055_jpg.rf.f7201a12493fa1f2096a606c009b0f0b.jpg, 1
IMG_20180721_091004_jpg.rf.f77e9303ed6a70200f388bbbccdbb4c2.jpg, 1
IMG_20180721_090222_jpg.rf.f760847216a1d448733ef307f332118e.jpg, 1
IMG_20180717_105155_jpg.rf.f7a5a1ad4f20e3322a8da4c2d4a078ab.jpg, 1
IMG_20180720_123656_jpg.rf.f7a3e4d3430d59b2ef47237f32c1230f.jpg, 0
IMG_20180714_102503_jpg.rf.f805299c0bbbdd4103d5494426390604.jpg, 1
IMG_0076_JPG_jpg.rf.f78ece84e3df5f2b1db3288f42c727b9.jpg, 1
IMG_20100101_031506_jpg.rf.f8555f383654dae26bb439d936f90dc9.jpg, 1
IMG_1254_jpg.rf.f8594ebe979327ebecb8a92466c076cc.jpg, 1
IMG_20180811_083742_jpg.rf.f88b75294d9f9a4aed1553bf7c6a502a.jpg, 1
IMG_20180726_123203_jpg.rf.f8797852343b6b6a2461b56d7b6b0f7d.jpg, 0
IMG_20180723_150941_jpg.rf.f8ff3d4a19a78939a0a5effe0522c220.jpg, 1
IMG_0230_JPG_jpg.rf.f96324b68ed8a86bc073325f875b6505.jpg, 1
IMG_20180726_123203_jpg.rf.f8a00e06e358c15f67cec382affb9447.jpg, 0
IMG_20180723_124655_jpg.rf.f971094dc6990e7be194b10d2bd39d1e.jpg, 1
IMG_20180717_105032_jpg.rf.f8ead267670cacf4bda27aabb8755156.jpg, 1
IMG_20180810_091808_jpg.rf.f9813cf99486d413d305621f23f4cf81.jpg, 1
IMG_20180714_103033_jpg.rf.f9d25d26ea7e28e72f233f29e6d007db.jpg, 1
IMG_20180721_091412_jpg.rf.f9d4b1ef6a7922b7d80fa1ffdd3fba57.jpg, 1
IMG_20180720_142202_jpg.rf.f9fc0420d84b17381e7d3e941cfef98a.jpg, 1
IMG_20100101_031820_jpg.rf.f9d92927fedccbf397037aa31d93cdfa.jpg, 1
IMG_20180724_123638_jpg.rf.fa225bfe04724e5cf529eb8fe0cb2b16.jpg, 1
IMG_20100101_023250_jpg.rf.fa1b65127e92e4c86d1d0d8117d8c8a0.jpg, 1
IMG_20180724_121243_jpg.rf.fa6c40fd5180ee6d5346db4d82b6eb0f.jpg, 1
IMG_20180720_123508_jpg.rf.fa80752e511e6d5151a53663ba843c34.jpg, 1
IMG_20180724_122419_jpg.rf.fa90fb2f37faa008ea95fe4703c6f45b.jpg, 1
IMG_20180811_084006_jpg.rf.fadc933ce61b3d0d0814df826e9555db.jpg, 1
IMG_20100101_031519_jpg.rf.fa42fe20a0e57e526ac6ed4484d0ebc9.jpg, 1
IMG_20180724_122357_jpg.rf.facf7225803b8ee35012dbb857a262db.jpg, 1
IMG_20100101_032210_jpg.rf.fb2a2a30acce34afe28f6c349cab0b3b.jpg, 1
IMG_0168_JPG_jpg.rf.faef9edc2d560175221f54b79a0474b4.jpg, 1
IMG_20180724_125116_jpg.rf.fa65763e46ecc57855be1c6a6a4957db.jpg, 1
IMG_20180721_090414_jpg.rf.faa425c9cf0a2756e5cea875ff122137.jpg, 1
IMG_20180723_123830_jpg.rf.fb3ef1a1f26a102c0915857d4af84f2c.jpg, 1
IMG_20180725_121946_jpg.rf.fbae99a83979fcf45de06354748836c2.jpg, 1
IMG_20180725_120143_jpg.rf.fbd168fe6a4f349be7a8d54abc71eb4c.jpg, 1
IMG_20180720_143002_jpg.rf.fc0572a0b80278fffa66cdd5f685a8d3.jpg, 1
IMG_20180724_121924_jpg.rf.fbed390464844ed5c0d8cc452ec212a3.jpg, 1
IMG_20180720_142558_jpg.rf.fbb27f49e8b288a027f52503b6a42e6c.jpg, 1
IMG_20180723_152231_jpg.rf.fc786a3dfe763fcc24737d10d1b16ad5.jpg, 1
IMG_20180719_143232_jpg.rf.fc31345375f33f3ed5e4e3979d827274.jpg, 1
IMG_20180724_121006_jpg.rf.fc6309b0ceb92c4111cfc7bd9fe091e4.jpg, 1
IMG_20180724_121553_jpg.rf.fc92ec7f416e41269716259b8910d14a.jpg, 1
IMG_20180724_122345_jpg.rf.fc6a5c54c863d6eb8635a22e1f0c7dc0.jpg, 1
IMG_20180725_121700_jpg.rf.fcffc78156627560b7bbef44416c7ce3.jpg, 1
IMG_20180720_141301_jpg.rf.fcfe1a97d5255e9d3ffd47e99772780c.jpg, 1
IMG_20180811_083912_jpg.rf.fcc649a896f1155210a4e66b870865bd.jpg, 1
IMG_20100101_032219_jpg.rf.fdf7df70983e98e0fd644b4bc80ce9b4.jpg, 1
IMG_20180721_090938_jpg.rf.fde54095f788c2bccc22870508104edb.jpg, 1
IMG_20180724_121053_jpg.rf.fe62d8a49456ac3976485d371cae174f.jpg, 1
IMG_20180725_114025_jpg.rf.fe587df007fe32557b1b584afce62153.jpg, 1
IMG_20180723_123302_jpg.rf.fea49b41b36bbccbd581c4e5c9b6398f.jpg, 1
IMG_20180811_083542_jpg.rf.fe8cdfe996a9a47ada79ded24d91908e.jpg, 1
IMG_20180721_090244_jpg.rf.fea86445db0388e20a6a33d057c57c69.jpg, 1
IMG_0065_JPG_jpg.rf.fea40f247d9239dc43bfe48865e2d792.jpg, 1
IMG_20180723_150704_jpg.rf.fef30b4a8c38d9d978facc0603311c78.jpg, 0
IMG_20180723_144939_jpg.rf.fee096e1e1cbcadf17a40a07a5bef6ca.jpg, 0
IMG_20180719_143326_jpg.rf.feb7f52ee41751c067cbef798aa9d4a5.jpg, 1
IMG_20180723_122347_jpg.rf.fecb4f9368f4f580468f0dc29a549de3.jpg, 0
IMG_20180723_122511_jpg.rf.ff0c2056f908624ee2cec3e6747e20e6.jpg, 1
IMG_1243_jpg.rf.ff09d524d4815a634c87efba57ceedc1.jpg, 1
IMG_20180810_091623_jpg.rf.ff21b0a19fca96c98988137d972221db.jpg, 1
IMG_20180719_123622_jpg.rf.ff2c887a511af9b79a9aca288ed6a5b6.jpg, 1
IMG_20180721_091154_jpg.rf.ff7562a175b8351c1ec231ff645019cf.jpg, 1
IMG_20180719_123953_jpg.rf.ff50dadb368c90e73fb56ddfaea8a449.jpg, 1
IMG_20180723_124655_jpg.rf.ff7d4b21cb033be68f77af177fb6a1a9.jpg, 1
IMG_20180723_122641_jpg.rf.ff6471ccf7a248da26b4c88c5e68c780.jpg, 1
IMG_20180724_121819_jpg.rf.ffa0b9058e4036581d56f3d7f1fe932a.jpg, 1
IMG_20100101_033320_jpg.rf.ffcac7874a7c907d2c2a78659535f0d3.jpg, 1
IMG_20100101_023206_jpg.rf.ffd6b5dd141f32fdb1f2f259cd1f48cc.jpg, 0
IMG_20180725_122039_jpg.rf.fff2525a0df003ced491f1108e2baf51.jpg, 1