filename,Not Working,Working
1710175823971_jpg.rf.024a6c32d581b62cb9af33d1483aba3c.jpg,0,1
1710175823983_jpg.rf.1bf4fd1a9b350dae7c3aa0cd2b1807b3.jpg,0,1
20240309_190827_jpg.rf.cdb402166997ddd2da9652a7bd7f424c.jpg,1,0
1710175823931_jpg.rf.525c164a76338327bce1092b76d9943d.jpg,0,1
20240305_191802_jpg.rf.964912d95cefe4c7758ab8092961d0e4.jpg,1,0
20240305_193727_jpg.rf.202fcd6c5764391924a66d29aa602975.jpg,0,1
1710161617721_jpg.rf.d528f605b607606bbea2de9174329964.jpg,1,0
20240305_193619_jpg.rf.4e7b41dd7ad247ad0bccbecc7e0d3ca7.jpg,1,0
20240309_191055_jpg.rf.a5e7fc703a5270abd1888514cdf32da6.jpg,0,1
WhatsApp-Image-2024-03-09-at-20_40_35_42419255_jpg.rf.f4af441ce71cb8462e6526da1a00a934.jpg,1,0
1710161570287_jpg.rf.6a0d0575e2e246edc692a75682791107.jpg,0,1
IMG_20240301_065526_jpg.rf.d39c67b6adb93c1fa80f370ff1867f82.jpg,1,0
1710161617748_jpg.rf.00d4910a9a695e4b22ea01fbc42807d0.jpg,1,0
1709693388274_jpg.rf.7fec8a7d301eebe54630afb779398048.jpg,1,0
1710175824051_jpg.rf.9a527628865033af35a27ae9a5877692.jpg,0,1
1710161570127_jpg.rf.90bc9c05dae7fe2d4c04bbfeadb35fbc.jpg,0,1
1710175965844_jpg.rf.acd0a877d648705d0567711426746be3.jpg,1,0
1710175824051_jpg.rf.5f61abcbfa0ce3a5e6a4619edd6881f0.jpg,0,1
20240309_193331_jpg.rf.c7f44ab5e1f6a7ce479c334dc61d2447.jpg,0,1
IMG-20240303-WA0027_jpg.rf.9d49a61793b9c753ea02390f6013cb39.jpg,0,1
1710161570238_jpg.rf.4d4a36a545b52dc9ad3fd9e1280d6856.jpg,0,1
1710175823794_jpg.rf.d9e7a1786e0184790a43ec8ba35c34d0.jpg,0,1
IMG-20240303-WA0042_jpg.rf.e72190f39016f1922234f4dc6e197a69.jpg,0,1
IMG_20240301_065526_jpg.rf.e1e287518c7d0497545304bcc90c8c6c.jpg,1,0
20240309_191907_jpg.rf.09c6f8b012cbe7d78cb122534e9b58af.jpg,1,0
1710175965744_jpg.rf.d7672de36e9263cf7df5347e9358eb31.jpg,1,0
1710161570287_jpg.rf.4f2724fc6f7fee781488bbcecf575dca.jpg,0,1
1709693360534_jpg.rf.ea76b4f267c4a715a78332a370cac37b.jpg,0,1
1710175823629_jpg.rf.094bb9b6990b2bdb4a35c62b230457c9.jpg,0,1
20240309_191406_jpg.rf.aa2b808ced6169837ce58a370e82780a.jpg,0,1
20240305_193619_jpg.rf.7cb57deea2a899c4bbc8520a95c01b90.jpg,1,0
20240305_193403_jpg.rf.970e933965064a41d11ac91ed827fcdd.jpg,1,0
20240309_191838_jpg.rf.02049811e0e098cad66be070416f2bd9.jpg,1,0
1710175823805_jpg.rf.2695dcd29f669de82f30dacb9c609ed8.jpg,0,1
1710175823637_jpg.rf.4d17129a66d48148898f86ec7b0bc9d3.jpg,0,1
20240309_191406_jpg.rf.1f5ee4d9a9e9b368e94c94a4b10c67f1.jpg,0,1
1710161569996_jpg.rf.8cf6b81216090719fa932e51c9aafe9d.jpg,0,1
20240309_192951_jpg.rf.d589f2784c6fc03c2cbba4f073a6d355.jpg,1,0
1710175824090_jpg.rf.e9518c18cc554f1ece85fe7a8885917f.jpg,0,1
1710161570127_jpg.rf.7bb1b19ba4593e7d0aced810e82cf51b.jpg,0,1
IMG-20240309-WA0039_jpg.rf.fad28b9e3f4adffb981ed69a4f86df63.jpg,1,0
20240305_193727_jpg.rf.a4d9fe2c5de07ef1813e12fefffe265d.jpg,0,1
1709693360435_jpg.rf.1ef8e6054da32d17980888a58a1a352c.jpg,0,1
20240309_190827_jpg.rf.4b20675d940f778568ed59717eb97fdb.jpg,1,0
1710175965896_jpg.rf.14e0b5fcd8a7a0f5b1909c525ea960c1.jpg,1,0
1710175823960_jpg.rf.56a6c9d4ea3f3f1d757b32a4cf47f4f4.jpg,0,1
IMG_20240301_065553_jpg.rf.cecede79483715312c225e8e9e518094.jpg,1,0
20240305_192751_jpg.rf.1c78bed66439c8708905c3354c2281b6.jpg,1,0
1709693360534_jpg.rf.5234860b9a0dc1f010785323126781ae.jpg,0,1
IMG-20240303-WA0076_jpg.rf.10fba11e7d77452f3a3604d0efc35b36.jpg,1,0
1710175823805_jpg.rf.77f6d72de79807d9666321c4a8b2054a.jpg,0,1
IMG-20240228-WA0008_jpg.rf.8b1e1a9cb8b091692435caef755a9f31.jpg,1,1
1709693360468_jpg.rf.96126a4c6d926164eb3c3bce8c1b7a3c.jpg,0,1
20240305_191648_jpg.rf.b5c6f759b6ef5b1224e64cff07102954.jpg,1,0
1710175965814_jpg.rf.bc3d9ef9afc306d21edcaac3173e097b.jpg,1,0
IMG_20240301_065553_jpg.rf.fae146b0aa36809be0202e7ba199561c.jpg,1,0
1709693294375_jpg.rf.2fd38807c9b6b06cf91fd836ac75584a.jpg,1,0
IMG-20240303-WA0022_jpg.rf.2c3452572d40d50226261dd04309b2ea.jpg,0,1
1710175965814_jpg.rf.6515f35267423bb890f37b8ec1bf84eb.jpg,1,0
20240305_193403_jpg.rf.2e8079775dcf011ad72276af57b87d7f.jpg,1,0
20240305_193102_jpg.rf.e41fcd9d0bdd592839936eec6b189a6f.jpg,1,0
1710161570177_jpg.rf.ad7917652edecc81595c9d59004e70a5.jpg,1,1
20240302_051214_jpg.rf.e3c90239f123dd561dc219330a71d9c0.jpg,1,0
20240309_192108_jpg.rf.766236870ccabb795d37b5901bf45aa8.jpg,1,0
20240305_192332_jpg.rf.38d2cd67e9ea3c2ce9606ef033f54217.jpg,0,1
20240305_193102_jpg.rf.1bb0292c48d76bdcbc7ff79d22a30cf9.jpg,1,0
20240309_190209_jpg.rf.431a02df16b6720d173b7941f38a44a0.jpg,1,0
20240305_192648_jpg.rf.e38aa216d5f60af76df1b4359d53339d.jpg,1,0
IMG-20240303-WA0077_jpg.rf.fadbad14727c0af465ec6a645ce25950.jpg,1,0
1710161570078_jpg.rf.19ec0be1a7bf80a18ff16612d8c15cce.jpg,0,1
1710175823983_jpg.rf.ead44dc89aec811a12e974352ac93228.jpg,0,1
20240305_191648_jpg.rf.4b3d4188704ff16951867c375435d735.jpg,1,0
IMG-20240303-WA0072_jpg.rf.aadf3ed4a5e7dcecced93f129fb851ad.jpg,1,1
1710175823960_jpg.rf.2c35027644620aaef91925634af815a8.jpg,0,1
1710175823689_jpg.rf.f22d5fe3974170d352a928a3697e8a47.jpg,0,1
1710175823637_jpg.rf.0c4bbb326b552a51d9a85403b2491279.jpg,0,1
1710175965954_jpg.rf.faf6638e9ec842bed4989e2cb4d310ab.jpg,1,0
fault-2-a_jpg.rf.b2f63a43faf8d1e0cb4d7487d5a086f3.jpg,1,0
20240229_184001_jpg.rf.848dc0d3d6701f44304fde9132bacaee.jpg,0,1
1710161569996_jpg.rf.c8d5b942083718bebbf5b25376c145de.jpg,0,1
1710175966012_jpg.rf.1c043c2e588c251fb8991b11c0717d17.jpg,1,0
20240309_191907_jpg.rf.af6f899eb0ff4dc3e47f5ed6f21790f2.jpg,1,0
1710161570013_jpg.rf.15623e31d249ba04d3b11f464fde9748.jpg,0,1
20240305_192822_jpg.rf.3430470ca7440671c413af31e20be174.jpg,1,0
1710161617685_jpg.rf.3bbbc58f4dc392ffaee1e75e7730a2fb.jpg,1,0
20240309_191140_jpg.rf.7cc7a0cbd8dbd97203b732e110e4be62.jpg,0,1
20240309_191907_jpg.rf.7ebfeaff8fdc7f61d275558ef9f25729.jpg,1,0
1710175965896_jpg.rf.f4122469d6930514b9c2c6c974ff9314.jpg,1,0
20240309_193623_jpg.rf.22f94ba4f5d743c30cb99bb5b66c4fa8.jpg,1,0
1710175966012_jpg.rf.9e3ba30a90f510cce614a77cd76cc8d0.jpg,1,0
1710175823983_jpg.rf.64cbb4885bc12deb737c9003d79b3681.jpg,0,1
1709693388274_jpg.rf.8a614e521f9583d462711255cbc0a89b.jpg,1,0
1709693360504_jpg.rf.f90feaeb7b6f5d3b330b3e2918bc5f24.jpg,0,1
1710175824290_jpg.rf.958549a32dbe37819a114c12e29e70b5.jpg,0,1
IMG-20240228-WA0014_jpg.rf.82bdfbb3935fd7657885b5674999d568.jpg,1,0
20240305_193727_jpg.rf.9cc26a4d1f4c253b1bf1949063109992.jpg,0,1
1709693294375_jpg.rf.dbe731596d0244f9d55e16eebf8eb267.jpg,1,0
fault-2-a_jpg.rf.1ddd36f587c926c0f207193f13a5881e.jpg,1,0
1710175823805_jpg.rf.e378e19bfa455441405521986feb6e07.jpg,0,1
1710161617685_jpg.rf.595cadae039ce8495f786cb2fac5c7a9.jpg,1,0
20240229_184001_jpg.rf.1feda99339c7e9bc7022bf1ed1dd82c5.jpg,0,1
20240305_191802_jpg.rf.86d026f6c279f2fab7d61fb5aceb8913.jpg,1,0
20240309_193331_jpg.rf.6e97aebfc5e764b0580717899dcc7d80.jpg,0,1
IMG-20240303-WA0076_jpg.rf.e87deb4790ebedc5ce87ea1e59a3288f.jpg,1,0
IMG_20240301_065526_jpg.rf.634117be350054d968945a11b191ec68.jpg,1,0
1710161570028_jpg.rf.51e4d32e859ebdb3481ce23431c5210e.jpg,0,1
1709693360468_jpg.rf.52c54014880c34ab32f7ab0c6a5d4437.jpg,0,1
IMG20240307184929_01_jpg.rf.efb84473b0af476f74d85f87f3411ad4.jpg,1,0
1710161570252_jpg.rf.eb6641016c6fb3064010dc4baf9cfb74.jpg,0,1
20240305_192822_jpg.rf.5c43d38b0383f24420f67bd05065bb45.jpg,1,0
1710161569996_jpg.rf.e273e9d2ddae92656544ab36e5acbf4a.jpg,0,1
20240309_190827_jpg.rf.276ec1741f47949994933536857f2565.jpg,1,0
WhatsApp-Image-2024-03-09-at-20_40_35_42419255_jpg.rf.12d21da424bcbe535bd8d1deb86de664.jpg,1,0
1710161570252_jpg.rf.edd3c9a56cc12338de3c633808514169.jpg,0,1
IMG-20240303-WA0022_jpg.rf.16a4e561cdd2331ef01889970b0ab471.jpg,0,1
20240309_191140_jpg.rf.66e3da27709acff774978cea54aefc75.jpg,0,1
20240305_192648_jpg.rf.f1b423b1818713887a025ef977f47661.jpg,1,0
1709693360534_jpg.rf.58a4ca2bc26001ee6d9e7369a3ba22f3.jpg,0,1
20240305_192357_jpg.rf.eae7889f8ce0bfbcfca461ad1d73b9f3.jpg,1,0
1710175823629_jpg.rf.74c68c8e6b91db729b4de61a19113269.jpg,0,1
1710175823689_jpg.rf.f8bc5c79809983de9c1aa9c714664a33.jpg,0,1
1710175824090_jpg.rf.dc8924e3e3e7a0707175e38063a4e64d.jpg,0,1
1710161570127_jpg.rf.c2561efe888acdfed97bc68588787f18.jpg,0,1
WhatsApp-Image-2024-03-09-at-20_40_35_1771beaf_jpg.rf.2380900e1b1493db484ed938e18bfbdd.jpg,1,0
1710175823794_jpg.rf.6edc62080819d61b714d18b7dcf8e8dd.jpg,0,1
1710175824290_jpg.rf.10cc389345ed25bf1edf91b6dfec5415.jpg,0,1
WhatsApp-Image-2024-03-09-at-20_40_35_42419255_jpg.rf.b8c59add7037f2ed41b2b77f63a5900f.jpg,1,0
1710175823629_jpg.rf.617e2c466356c09293595dc4a6d1443f.jpg,0,1
1710175824051_jpg.rf.618b69b2a23118179d6844437a5d22ee.jpg,0,1
IMG-20240303-WA0072_jpg.rf.cda63ec1b3df6031f9f6b1762d4d6090.jpg,1,1
1710161570028_jpg.rf.d3e1fc0b854fae1f7d4d740a01badc2e.jpg,0,1
20240305_192332_jpg.rf.a279da431000a316826382834a50b2d2.jpg,0,1
1710175965844_jpg.rf.87aa9259e76922e6c40fac7f0c075c30.jpg,1,0
1710175965744_jpg.rf.f2e928bc59616d09db626624e58461e8.jpg,1,0
20240305_192357_jpg.rf.bf2d21f5c82da978d46e44ea8d5334fc.jpg,1,0
IMG-20240303-WA0021_jpg.rf.9dacf954af086d27ab90f4e2b9e12e51.jpg,0,1
IMG20240307184929_01_jpg.rf.3bd99e6bb9dc554f7278ae12cacf8baa.jpg,1,0
20240305_193619_jpg.rf.20e2cb5f1b5b89e2806b484e4756c62a.jpg,1,0
1710161570287_jpg.rf.4b41781a340e249b4250a19ae27aa37e.jpg,0,1
1710161570078_jpg.rf.0745330831d517847b401e0bfecddd8f.jpg,0,1
IMG-20240309-WA0039_jpg.rf.20d1ba702c4083fa522e3acf7afcb894.jpg,1,0
1709693360435_jpg.rf.f206cbf3824c00575293e4978968e633.jpg,0,1
20240305_193420_jpg.rf.bde7d5e7832c5830e51a1a3cc142ae66.jpg,1,0
IMG-20240228-WA0014_jpg.rf.f82f33edcf0255c85c0ef17d2af73d40.jpg,1,0
20240305_191802_jpg.rf.6219dd57e9c6e457eee0336fdfb492fb.jpg,1,0
WhatsApp-Image-2024-03-09-at-20_40_35_1771beaf_jpg.rf.476969e58c0a29ad976f3420b96bb84d.jpg,1,0
20240302_051214_jpg.rf.bd03a031ceb6819465c04f393e62f507.jpg,1,0
20240309_193623_jpg.rf.7e33601141825947cb6f733d5289d578.jpg,1,0
WhatsApp-Image-2024-03-05-at-21_24_02_7bf51968_jpg.rf.a352d9f16cffdd8d24bb8a4d896cfa30.jpg,1,0
1710161617721_jpg.rf.82b8f82f40d592f4a0de1bd00080010a.jpg,1,0
1709693360477_jpg.rf.62bb665d84938dc7723b0115170089db.jpg,0,1
IMG-20240303-WA0069_jpg.rf.b9b0a1ac53b90764db166d83bb199402.jpg,1,0
1709693360477_jpg.rf.77281df6fe1b6713438d7ddf644618e1.jpg,0,1
IMG-20240303-WA0021_jpg.rf.90a8000ca84f08e989b0f6a099c4dbfc.jpg,0,1
1710161570013_jpg.rf.36a48e8eb8ec67869876b71464470c24.jpg,0,1
20240309_191055_jpg.rf.074b3ab9e9054cac89a2d88a9b015abd.jpg,0,1
20240309_191838_jpg.rf.a068f3726839efa37df1b1db1d1ad0ca.jpg,1,0
1710161617721_jpg.rf.c046d4605f8ab36978e96959a6369bf5.jpg,1,0
20240305_193420_jpg.rf.c055dc2bd5d0aa484c8b302434068aa0.jpg,1,0
20240305_191039_jpg.rf.06833cec4afd7d99301bd83508e740ca.jpg,1,0
IMG20240307203321_jpg.rf.a3fee72b0ee681ee4458eeff9cf77d88.jpg,0,1
1710175965844_jpg.rf.197f398ee20688ee750282a8a0785775.jpg,1,0
20240309_191406_jpg.rf.724fe1b25de93c01120b69f48fae712a.jpg,0,1
20240309_191055_jpg.rf.5bf4696366a443c69de066d2c0e249d0.jpg,0,1
1710175823971_jpg.rf.e7ff58e3e4819e19e165566f418b3358.jpg,0,1
IMG-20240303-WA0069_jpg.rf.c9e30d8e1d5cd0e55247168f612eb58f.jpg,1,0
20240309_192951_jpg.rf.7d6b353a69235b2687a1c3a947744c34.jpg,1,0
IMG-20240228-WA0008_jpg.rf.dd7da01f2415466189940bdbca4df71a.jpg,1,1
1710161570092_jpg.rf.99e71d8979e8e81a379446dbbaedf178.jpg,0,1
1710161570092_jpg.rf.27a690a36e7d9b2079cef1c65e729003.jpg,0,1
1710175823864_jpg.rf.c3cfef4f770ab94305b392188dc648b1.jpg,0,1
20240309_194052_jpg.rf.cda3a16409cf58e2b3c42a69c31fb500.jpg,1,0
IMG-20240303-WA0077_jpg.rf.c362ae074519864eae2ab86230290f44.jpg,1,0
1710175824152_jpg.rf.1533003afdf0f574eb0261ead3e11a38.jpg,0,1
IMG-20240309-WA0004_jpg.rf.3714a800c0ffb4df9c8899ac693d95fc.jpg,0,1
20240309_192951_jpg.rf.85db56dafd3adb1372796dbf55552133.jpg,1,0
IMG-20240228-WA0008_jpg.rf.a908a879132bcf241783342c06b2d3f9.jpg,1,1
20240309_192419_jpg.rf.f07c5382e1cc99c52df7190ec1540cb0.jpg,1,0
1710161570269_jpg.rf.fecbc6cc75cb93156db3c69518ab7915.jpg,0,1
1710175823864_jpg.rf.cee4c291b38b4fc4746eba9442fc2a44.jpg,0,1
IMG-20240303-WA0066_jpg.rf.2eb910b7cf4024a4a0edd691f3c97aca.jpg,1,0
1709693360581_jpg.rf.1dd7d6cab84d97e384bdf438d732ad52.jpg,0,1
IMG-20240309-WA0004_jpg.rf.fc1dd8c87406495868e6b9f6d4d702a0.jpg,0,1
IMG20240307203321_jpg.rf.4759100dcd0c3b3e3650dc85e7383853.jpg,0,1
1710175824152_jpg.rf.96301b1fb2c184419cf88f37fe1b3ab5.jpg,0,1
1710175823971_jpg.rf.0d2f74c119e0bdbee3cca38a8c1be8a9.jpg,0,1
1710175965954_jpg.rf.e5618eb09250140864bd9ebc673f9bdc.jpg,1,0
1710161570269_jpg.rf.ba7c1d79938191ceda401d445f3a2e0f.jpg,0,1
20240305_191039_jpg.rf.eb49bd67c4a5175d98250c0d1a6d2e8a.jpg,1,0
20240305_193053_jpg.rf.801d406df7c34581809c0779796e8890.jpg,1,0
no_wok_jpg.rf.b76a58adac975e5c94af54e782e8593a.jpg,1,0
20240305_191917_jpg.rf.a6e2d230d4cef29cf877692634d04e8e.jpg,0,1
20240309_191838_jpg.rf.77f8407489ffbfb0b638609901c80372.jpg,1,0
20240309_194052_jpg.rf.bbb6e5fed791fab2115dee2334d6be84.jpg,1,0
1710175823931_jpg.rf.26dc1df00e58aa75c3baaf81316d8ea9.jpg,0,1
1709693360504_jpg.rf.29aa5386ca716198d7332444b1a7361e.jpg,0,1
1709693360504_jpg.rf.6f446edc5ffe5582ef38bf402fadb5eb.jpg,0,1
IMG-20240303-WA0027_jpg.rf.31d518c910b7835100e8cfafc890cf6f.jpg,0,1
IMG-20240303-WA0027_jpg.rf.f343f1cc220855cc1be8bee15c07f138.jpg,0,1
20240309_192419_jpg.rf.c13edc24a23ac3ed5cb6f28bd33488fe.jpg,1,0
IMG-20240303-WA0066_jpg.rf.a0577ce907505bc2b6afd7fef0c74a2c.jpg,1,0
IMG-20240303-WA0076_jpg.rf.a8e721562c4dde3a19741153b89ccf87.jpg,1,0
IMG-20240303-WA0042_jpg.rf.7aaff06acfeb95170fefc75939509e7e.jpg,0,1
20240305_193053_jpg.rf.6aadf3b9801b527aa4b4959cb815bb10.jpg,1,0
IMG-20240303-WA0066_jpg.rf.3debed544593d355721a99de41462071.jpg,1,0
1710175965954_jpg.rf.5d7e84e0493e0d15ccfcf1c2b45dfdfd.jpg,1,0
WhatsApp-Image-2024-03-05-at-21_24_02_7bf51968_jpg.rf.c0bf02edd3023466476f3a17c70b6385.jpg,1,0
20240305_192751_jpg.rf.ead6bb6434af2a7637879bfb95e8294a.jpg,1,0
1710161617748_jpg.rf.8cb3891f21be23de88cbe3a0f1390f0e.jpg,1,0
1710161570177_jpg.rf.b02f80f07300e686e10c12258c3d09a8.jpg,1,1
1710161569617_jpg.rf.425e33be00750087e9aa4c47b0b77ddc.jpg,0,1
20240305_191917_jpg.rf.1a4ffa3eaebbc914f8835e696999db52.jpg,0,1
1710175823931_jpg.rf.d28a6b07f3e9872911df6e12f2513ee1.jpg,0,1
1710161570238_jpg.rf.334280273393d69f526fda6bd8eb3dca.jpg,0,1
20240305_193625_jpg.rf.d4d4770dcf6116e7063078acb80d8abc.jpg,1,0
IMG-20240303-WA0033_jpg.rf.06ce138dc2adfee014b35070a9ffccfe.jpg,0,1
no_wok_jpg.rf.92bd1115ce300c7b56a8e77d6dc84a38.jpg,1,0
20240309_192108_jpg.rf.dd5480a4e22987bc240cd73961786756.jpg,1,0
1710161617748_jpg.rf.cb97d73687c2c4a49924808e93111826.jpg,1,0
IMG_20240301_063941_jpg.rf.73b63248ab616f1fc00f85be77d1c41b.jpg,1,0
1710161570238_jpg.rf.01be8e046c236895cb77f5362c5553d9.jpg,0,1
1710175823794_jpg.rf.827ef22c449bbf8e9c42c362837ace2b.jpg,0,1
20240305_193625_jpg.rf.ad2e630bc4ee75ea9a10404e28abf1c3.jpg,1,0
20240309_193331_jpg.rf.0ffb51c220301abb8c21e74932b0e4c2.jpg,0,1
1710161569699_jpg.rf.51dc0441d31b12b97f726b29b7c9366a.jpg,0,1
20240305_192751_jpg.rf.d1408084d80cba0c87ee0511327356fe.jpg,1,0
no_wok_jpg.rf.fd17e9f0310167c56dc1440bfd6418fc.jpg,1,0
1710175965814_jpg.rf.75a0468e894cb69d5c2c72a2d912b80f.jpg,1,0
20240309_191140_jpg.rf.661c1bbee9d0aa704e040a5ec45001a1.jpg,0,1
WhatsApp-Image-2024-03-05-at-21_24_02_7bf51968_jpg.rf.b285cf1e5b6d0a90da4c21746d0090df.jpg,1,0
1710175824090_jpg.rf.20c4e1f7b51e9e166696fe70e8851673.jpg,0,1
IMG-20240303-WA0033_jpg.rf.82ed485adf652384221e13560e727e15.jpg,0,1
20240309_192108_jpg.rf.59e764ee7fa68e2bebcacec9dcd66f42.jpg,1,0
IMG_20240301_063941_jpg.rf.c43211254800a885ae23d9a3f395a40c.jpg,1,0
1709693294375_jpg.rf.8ff20842a189563c43b6dfc1cd10e235.jpg,1,0
20240305_192332_jpg.rf.491a6f96c34ed7c0604e809da063f013.jpg,0,1
1710161569617_jpg.rf.0f9cc829f8832ef2256ea87a6103b2fc.jpg,0,1
IMG-20240303-WA0028_jpg.rf.e525dfd113e665a8867f5db393f4e077.jpg,0,1
20240305_193053_jpg.rf.1c6a0bef60cfcb3047a0d02e5aebcc9b.jpg,1,0
1710161570078_jpg.rf.c81947d7de5d056cba50aef80335e549.jpg,0,1
IMG-20240303-WA0022_jpg.rf.0c5dfa3a0eb9b94449e8edc364f58e96.jpg,0,1
1710161570013_jpg.rf.8e253f37ae441f47687c781fbafe88e8.jpg,0,1
1710175824290_jpg.rf.53e7bf13256fb7855aefdc38b4e267a3.jpg,0,1
IMG-20240228-WA0014_jpg.rf.31887ae1ba064fc121968d6ebe6f23ee.jpg,1,0
1710161569699_jpg.rf.266e0a08f4a3e9076ab5c56c524459e4.jpg,0,1
20240305_191039_jpg.rf.0fc1089a141b6752c17ffe3d1cc309d6.jpg,1,0
IMG-20240309-WA0039_jpg.rf.5d1f16e18cba6889cc4e0f14d2d29bea.jpg,1,0
1709693360435_jpg.rf.6bd986ea35e18b217a4f98236831c131.jpg,0,1
IMG-20240303-WA0021_jpg.rf.aa891d0002127c66371ac5cef1ad8f53.jpg,0,1
20240309_193623_jpg.rf.e5d1a61f91c610a0ad7cf0a5c6539bb0.jpg,1,0
1709693388259_jpg.rf.ca4695011fb957fcfd6f7ad64e330417.jpg,1,0
1710175824328_jpg.rf.6313a16aa6490a02a20d84ddeaf92f0f.jpg,0,1
WhatsApp-Image-2024-03-09-at-19_40_49_4cf65645_jpg.rf.2549a614ee4082aaf80dcade54d1a8f2.jpg,1,0
1710175824226_jpg.rf.64a24fdc36809680199d033252fb12bf.jpg,0,1
1710175823719_jpg.rf.37abfae3af77d87c3474b57b17d39021.jpg,0,1
20240221_192643_jpg.rf.07b4aedd4505a75a6a5c4ea183d37ebb.jpg,0,1
1709693294162_jpg.rf.28a2b67011853f4d3fab2bfc1a47f36b.jpg,1,0
1710175824276_jpg.rf.0af2c5635a760d6b26eec579fea0a5ac.jpg,0,1
IMG-20240303-WA0067_jpg.rf.b8673ca9b1dd6facb48b00db2081aac0.jpg,1,0
20240305_192831_jpg.rf.ca83d3c3a4b5a989f10a8034e585a0b1.jpg,1,0
20240305_192718_jpg.rf.516e502a56888352b7209e543eaa52a2.jpg,1,0
1710175824179_jpg.rf.e8743fa10e923c5d52575d32c6926c79.jpg,0,1
1710161569711_jpg.rf.9847efcac3e8ee4dc613955370fe1b18.jpg,0,1
IMG-20240303-WA0018_jpg.rf.0d2ddfd3d7228dd53012ca068f4f4ba8.jpg,0,1
IMG-20240303-WA0017_jpg.rf.aac1b44124bd430bacce47e0bfcd6a12.jpg,0,1
20240305_192957_jpg.rf.e635db094537e273993d2efb264485b8.jpg,0,1
IMG-20240303-WA0017_jpg.rf.3514eda7ab7b802a7047921e02876409.jpg,0,1
20240309_192045_jpg.rf.1a59d6187a47ef8e86faccd1aaf0df50.jpg,0,1
IMG-20240303-WA0040_jpg.rf.49f5dcdeef4848fa24db648eb0619728.jpg,0,1
IMG-20240309-WA0037_jpg.rf.393f869a49ba9eeb363bd7118984eaf6.jpg,1,0
1710175824226_jpg.rf.22b5b4080c973ffa002d1b759e381c33.jpg,0,1
1709693294162_jpg.rf.f6a9d4503fb2b6f69771bd71fec9869b.jpg,1,0
20240309_192856_jpg.rf.7c7e17d64f0d6063f47eb5d9957a75d1.jpg,1,0
1709693294162_jpg.rf.1db18a2513e649807c591a396a37a46b.jpg,1,0
20240309_192356_jpg.rf.f0924f6a292d9f4caad5e10542b3c63d.jpg,1,0
1710175965876_jpg.rf.4142a146e98ce8df30e07f9908a21b94.jpg,1,0
20240305_192718_jpg.rf.74c0aad0fcedd407017630ce87b98352.jpg,1,0
1710175823719_jpg.rf.078cc6c9e358929d7c647fe3f26bd742.jpg,0,1
20240309_193146_jpg.rf.c548942fcda856dcfe5ab4352eac9a9f.jpg,1,0
20240309_193759_jpg.rf.1ba202efa10dd176b9a14db358f4e550.jpg,1,0
1710175823648_jpg.rf.d83a0d4d120339ebfe813c00f762cc61.jpg,0,1
1709693388259_jpg.rf.eb3730f341a5f623a503c801321c0c62.jpg,1,0
20240309_192045_jpg.rf.807f11d54f21f60d096f523e60005254.jpg,0,1
IMG-20240303-WA0018_jpg.rf.01eab5919515a9a8805f46b577892272.jpg,0,1
1710161569711_jpg.rf.18f22fa0b283c4cbcda21cd5a4cf875c.jpg,0,1
20240221_192643_jpg.rf.0d155c40f1c3c682ea10fc4aa8d06e8d.jpg,0,1
IMG-20240303-WA0017_jpg.rf.238561f282eb0ca0d7f7f4d673142638.jpg,0,1
WhatsApp-Image-2024-03-05-at-21_24_10_1b0de8f2_jpg.rf.ffa0d74279656e90144e35488359846b.jpg,1,0
20240305_191715_jpg.rf.0ffb9be35b1bef3501ab2f94d112f61d.jpg,1,0
20240309_190842_jpg.rf.2e6f4bda35cdd41cbc6bde4c86b92de7.jpg,0,1
IMG-20240303-WA0018_jpg.rf.9293c650cb7cba10bee212e4b27dbe2c.jpg,0,1
IMG-20240303-WA0040_jpg.rf.f5e906aa086045f0417ef60fa93c2f2d.jpg,0,1
WhatsApp-Image-2024-03-03-at-22_57_07_23f76bd5_jpg.rf.355de0036ce6c250a13b7332685766b1.jpg,1,1
IMG-20240303-WA0014_jpg.rf.5ef895a3464213ddaaacf74084fdec23.jpg,0,1
20240309_192523_jpg.rf.7a3400a30a806c789b7008318aedebef.jpg,1,0
1709693388259_jpg.rf.59a4903e4f7c3312893532a00b0ddbbe.jpg,1,0
1710175824226_jpg.rf.c701908f5373e556d42711a8eaade304.jpg,0,1
WhatsApp-Image-2024-03-05-at-21_24_10_1b0de8f2_jpg.rf.beba5bb9d9fc61deafb2c8e12e01d314.jpg,1,0
IMG-20240303-WA0040_jpg.rf.c75d7f4f2505f574e47987ab15bae6d9.jpg,0,1
20240309_192356_jpg.rf.95078386a9c4fe05da74ddb71562d950.jpg,1,0
20240302_040728_jpg.rf.8ff095433ef3cf437a865a2850ab7e06.jpg,0,1
IMG-20240303-WA0014_jpg.rf.2b6f8559508e2a9a2e05d40eff48be15.jpg,0,1
1709693360561_jpg.rf.457eaf41476841ac73295349dc0e24f7.jpg,0,1
20240305_190911_jpg.rf.0c1ef55d8a22cea4126bfa13124d8e11.jpg,1,0
IMG-20240303-WA0019_jpg.rf.cffcf76254f3affe1fdd26358bdcd05b.jpg,0,1
IMG-20240306-WA0037_jpg.rf.336aa4d1652c89e6f74ee0c0c2e3d221.jpg,0,1
20240309_192022_jpg.rf.d357e97cb1208754d07fe31babe34a9b.jpg,1,0
1710161569711_jpg.rf.44e2ffb988dae7b7d777aac0da4de398.jpg,0,1
20240305_193858_jpg.rf.c05fda83942da76a2c35571d5efadc78.jpg,1,0
WhatsApp-Image-2024-03-05-at-21_24_00_5220789e_jpg.rf.78c22ba6b524827bc7791d84d94a0241.jpg,1,1
1710175823719_jpg.rf.c96241da8a1735bde2acaf3a06a094f1.jpg,0,1
20240305_191101_jpg.rf.9555eaab2e62c35b9f3baa03ad78245e.jpg,0,1
1710161569657_jpg.rf.2fa7f904b7593e444aeab51258b77c86.jpg,0,1
20240221_192643_jpg.rf.50287097772fb0ef99fdd6fe8213cc91.jpg,0,1
IMG-20240303-WA0030_jpg.rf.34ebe89a44aba90b2fde4793ef3eddc9.jpg,0,1
20240305_192037_jpg.rf.051570f81f82b03ecf24e7133f34a143.jpg,0,1
20240305_193559_jpg.rf.ff256e8abc161614b935b71ea8f75d8c.jpg,0,1
20240309_193126_jpg.rf.dc2775cdb451374f9d27415d59f99995.jpg,1,0
IMG20240307184611_jpg.rf.0bfd312a23676bc8f7ad4bd78bd1083c.jpg,1,0
1710175966034_jpg.rf.3501492a4ad352c69f48a8e7640b320c.jpg,1,0
20240305_192236_jpg.rf.e41ca576882a10cf9b1a1ec37a198dfc.jpg,0,1
1710175965828_jpg.rf.1e5cc3e50198bb8e7c8f78aabfe88a69.jpg,1,0
1710161570162_jpg.rf.17223fae5092113aafa9ee20c9f3edd5.jpg,0,1
20240309_192945_jpg.rf.348b239bd9da3cabfcfb223cc54831dd.jpg,1,0
20240305_190518_jpg.rf.8a89622c27fb97413feed9fa4036c52d.jpg,1,0
20240305_192655_jpg.rf.4c313997b9f34e8695a0b29ae11c69bd.jpg,1,0
IMG20240307203446_jpg.rf.ed543901fe5d3d0624472aaf7e6ef6da.jpg,1,0
20240305_192718_jpg.rf.6f4d34e7317713250b990598bf80e98b.jpg,1,0
IMG-20240309-WA0037_jpg.rf.c0e15d6d7d475088c58f0539cf678bd1.jpg,1,0
20240305_190741_jpg.rf.a62c36201574ada6b9271b3a7116985a.jpg,0,1
20240309_192523_jpg.rf.145bd0b93b83d2b1dfdfe7ade9ce3671.jpg,1,0
1710161569915_jpg.rf.749864a22bdcea6247229a1b1823bcb0.jpg,0,1
20240305_190801_jpg.rf.9ca99559dfb6cbef19f69ff3f7f4771a.jpg,0,1
20240305_193535_jpg.rf.ec5f63a92a1ec8f4dbf1843a5f4dbb4b.jpg,1,0
1710161570336_jpg.rf.d5e64bfbb09314be3462eccfa58b14d0.jpg,0,1
1710175824242_jpg.rf.fee6fc65696fb146e634ed1858a0ea6a.jpg,0,1
IMG-20240301-WA0007_jpg.rf.55b218ceb30efd58a9c75938f99899e6.jpg,1,0
1709693388242_jpg.rf.ba769b940805408095cbec1be51fb370.jpg,1,0
20240305_192619_jpg.rf.47ab08ae58f2dd8fbdd9f584db470771.jpg,1,0
IMG_20240229_221552_jpg.rf.c9d5ebfe0a6b337f688869fc6c21ee0b.jpg,0,1
IMG-20240301-WA0003_jpg.rf.0bc3af863b1d32eca25355735bbb4a8e.jpg,1,1
IMG20240307203439_jpg.rf.15450b85a9c229f70a635cec47bb6fd9.jpg,1,0
1709693294178_jpg.rf.43743492ba665c257e4119b661a49d30.jpg,1,0
WhatsApp-Image-2024-03-05-at-21_24_33_afc1f914_jpg.rf.78065790db51c02d1623051c44d4888f.jpg,1,0
1709693360552_jpg.rf.920d2a35dd69dc72cf41dbcddca80188.jpg,0,1
IMG20240307184927_03_jpg.rf.0f8e4418847b6326d71fa2724dd78b5e.jpg,1,0
1710161569888_jpg.rf.098e85cbfb51dda3415d7cefda471f8a.jpg,0,1
20240305_192619_jpg.rf.0ddec13e201cf57f347b2acdd2cfac6a.jpg,1,0
1709693360525_jpg.rf.4b5858d6f0c174add3288c0bd668c098.jpg,0,1
20240305_191447_jpg.rf.d5214d12dc3589dc94ad8a5fc7ad8713.jpg,1,0
1710161569725_jpg.rf.87934d21864063c981de5b8768e375cb.jpg,0,1
1710161569643_jpg.rf.bae148780bc50af69f326e2b75021ce3.jpg,0,1
fault-2_jpg.rf.16f635660230b371b34c10cf6298ebfb.jpg,1,0
20240305_192556_jpg.rf.59d844c4c379273a6cf8259a8bfd4d98.jpg,0,1
1710175824121_jpg.rf.ec13e2a3347ab39970bb37d355c7a7c7.jpg,0,1
1709693360515_jpg.rf.ad986eec770c5898da5697460d3613c1.jpg,0,1
IMG-20240303-WA0034_jpg.rf.5a951b651af40e3f445da67a004c1cab.jpg,0,1
IMG-20240303-WA0031_jpg.rf.7b6888aac5021c9336b5420a9ef84c62.jpg,0,1
1710175823607_jpg.rf.a8ebfc78e17920f07862039e8295c4f8.jpg,0,1
1710161570318_jpg.rf.87b4bb086be4fd5fb34aa6ae5974569e.jpg,0,1
1710175965751_jpg.rf.7fc7e6879ca34f77eb4cc614d240b319.jpg,1,0
20240309_193423_jpg.rf.630f3f52d889895dabc3f8aa3ce13865.jpg,1,0
20240309_193752_jpg.rf.2b4c378a757fc3403eeb26651c4e5515.jpg,0,1
20240305_192935_jpg.rf.277a4e7d0d6c11a69c2d82685383398f.jpg,1,0
1710161569950_jpg.rf.9822090ae57434f031f0a5636699f7d7.jpg,0,1
IMG-20240303-WA0031_jpg.rf.a586e057e3d24c78262418531e3cd42d.jpg,0,1
20240305_191251_jpg.rf.6c7485136b78346e29437e66f32f8aff.jpg,1,0
1710161569926_jpg.rf.1e1f2546a4f4ee2a64ee722aad2ccadd.jpg,0,1
IMG-20240301-WA0005_jpg.rf.0ebd6aa8da31b50d0a85441a01953b20.jpg,1,0
20240305_190649_jpg.rf.82d7d3bdb58334e15e80505ca24adf34.jpg,0,1
1710175966018_jpg.rf.b52b610c32b813a83c1ae96c9a82c211.jpg,1,0
IMG-20240228-WA0004_jpg.rf.b9456dab9b6b477dcb2a6c2fbb972e78.jpg,1,0
20240309_190410_jpg.rf.bd57873d28cf895a2aa6ece9b62caa14.jpg,0,1
20240305_191428_jpg.rf.51075d2aafe1e07c985f8b2a1154ebb8.jpg,0,1
IMG-20240303-WA0034_jpg.rf.85e7e6edba83e230a9727dc936bbf355.jpg,0,1
1710161570318_jpg.rf.7c9e13ee859083bc4463bb0c42dad02e.jpg,0,1
1710161570047_jpg.rf.1a5e0c2a26835d4fb36fe0c4c7873006.jpg,0,1
20240309_192437_jpg.rf.afed568a49d5719a728a5312227260ee.jpg,1,0
IMG20240307184927_01_jpg.rf.b7192f7856463971c43f31a239e056b9.jpg,1,0
1709693388242_jpg.rf.e743b050c02aa31cb6e26cc564058664.jpg,1,0
20240305_191316_jpg.rf.0cf4d820c4cd18a001792e51cfec392a.jpg,1,0
1709693360427_jpg.rf.54b01b1f17399c48593babd43c8e572c.jpg,0,1
20240305_193413_jpg.rf.01839c04632e098b7ab1cfda3730d82a.jpg,1,0
20240305_192944_jpg.rf.4469ab034b4dfdfd1508a24c49dd874e.jpg,1,0
20240309_193521_jpg.rf.39d0903fcdc8ea26655e2256006b6b34.jpg,1,0
1710175823748_jpg.rf.2245adbb6a51de337f7c9a2281a2d26c.jpg,0,1
1709693294168_jpg.rf.12466fc5fd7130f2a163063ee6a6521c.jpg,1,0
1710175965927_jpg.rf.2023c4b7b5296f06fcacfc51b3d7fbc4.jpg,1,0
20240229_184137_jpg.rf.ff29ed52a72ff0dbd675930fe9c99374.jpg,0,1
1709693360515_jpg.rf.be7860d843d5811636a1a388e16da0c3.jpg,0,1
1710175823662_jpg.rf.57690db841936892455e146ac3dd39c6.jpg,0,1
1710161569888_jpg.rf.bff60d03248c0fb527e3d57943e8e17c.jpg,0,1
IMG_20240301_065309_jpg.rf.c3a9611a012df5609ed04389918f8b42.jpg,1,0
20240309_192506_jpg.rf.a0c5713df417628ba3169e12e2addfd9.jpg,1,0
IMG-20240303-WA0020_jpg.rf.a4848be6300d56a936a26c6d0da2a057.jpg,0,1
IMG-20240303-WA0074_jpg.rf.36df64fbcfed65ae0ee46820831f42a1.jpg,1,1
IMG20240307203519_jpg.rf.fca7154f10afd004dbee862ee9165f8e.jpg,1,0
20240309_192720_jpg.rf.7935af927349f22f2cc4166aaa8c3073.jpg,1,0
IMG-20240301-WA0007_jpg.rf.6716ccfed22785f76520f73c4743a34a.jpg,1,0
1710175823607_jpg.rf.aa609f77da8ba6cbed2dcc78e9eb7cdd.jpg,0,1
1710175965998_jpg.rf.26d1f4e868274fe7a8645d9579b8de8f.jpg,1,0
IMG-20240309-WA0026_jpg.rf.c526c382d87b31ca1da8c09b6b57ad84.jpg,0,1
1710175823775_jpg.rf.4f56731978940818da0c2038478af916.jpg,0,1
20240305_192221_jpg.rf.b7e5306fbc2c5647ba58dd6fb5167b2d.jpg,0,1
1710175965751_jpg.rf.de115c7bb78937c33e26cdd5c4dcd303.jpg,1,0
20240309_190919_jpg.rf.9b5fc4d614960bb7ac1df0e3209e4a60.jpg,0,1
1710175823890_jpg.rf.dd606fca7981ebbc7ab85ad836253f5a.jpg,0,1
1709693360443_jpg.rf.af0260759fdf8cb72a600b77b80d28cf.jpg,0,1
1710175823674_jpg.rf.84268e894534109cde9811840572574b.jpg,0,1
1710161569809_jpg.rf.1462f8fc8f4018b4be45afd7252d7f74.jpg,0,1
IMG_20240301_065214_jpg.rf.0823a75b05ae47ea20f3546761faf8f8.jpg,1,0
1710161569673_jpg.rf.b24d1f6b7c24e543417a533d36a9edcf.jpg,0,1
20240309_193237_jpg.rf.d8f4ef0a76f22b506a7c314b70dfc9ea.jpg,1,0
1710161569725_jpg.rf.c2e41eb80d736b332cd73f7c1b26dd45.jpg,0,1
20240305_192611_jpg.rf.cc2c5d30eb91066007e35840854133b6.jpg,1,0
20240309_191720_jpg.rf.66823dc9ac9f829f7129cd2cd8037d58.jpg,1,0
IMG-20240303-WA0028_jpg.rf.c94838595ba0fda88ca6b32225a11caa.jpg,0,1
20240305_191551_jpg.rf.ddb945a7d22a8a8b7c7c6a88ce9fbcdd.jpg,1,0
20240305_190415_jpg.rf.e35df3c1ffc7737333ccde075728b882.jpg,0,1
IMG-20240303-WA0010_jpg.rf.f6f3de383ae4c2a044f2e00ef9796449.jpg,0,1
20240305_193539_jpg.rf.0666cb8424df562d7326c9ab6b512cf5.jpg,1,0
IMG_20240301_065138_jpg.rf.7475a4bd87306864db719e02efaf4bed.jpg,1,0
1710175823838_jpg.rf.c50a419bfec7b64b3c91811670598b27.jpg,0,1
20240309_191005_jpg.rf.77376b066c6ecbcd9997e3a56949afdc.jpg,0,1
20240305_191927_jpg.rf.27e8349bf5ed9ca0252545b76886b3bf.jpg,0,1
1710161570225_jpg.rf.58ee0519ebd2d12d5b532bcd765aa853.jpg,0,1
20240229_183955_jpg.rf.8739384a02b2260c3cfd1cee29dfb339.jpg,0,1
20240305_191721_jpg.rf.1329a0d08b2b56158fa6a776c163f12c.jpg,1,0
20240305_191401_jpg.rf.9fdaf90b94b4c2240ff4a5f660a52030.jpg,0,1
IMG-20240303-WA0080_jpg.rf.fb8fb05eadf6424f72dce6f685790c28.jpg,1,0
20240309_192346_jpg.rf.c58ab5ed65c3f21d48b99d1a8770c19f.jpg,1,0
20240305_193310_jpg.rf.a09f430890fff195d046658e3f8a00b4.jpg,1,0
1709693360543_jpg.rf.5d8e7b92c49060f8902b486be9dbef1c.jpg,0,1
IMG-20240309-WA0026_jpg.rf.43a8ae6eb0f3304b9a30305452caa46c.jpg,0,1
20240309_190152_jpg.rf.fb2b09781e00953f3943e4f249d5b4d9.jpg,0,1
1709693360420_jpg.rf.006b8fd52d82c103bd6d6f7606e6ddde.jpg,0,1
IMG_20240229_183238_jpg.rf.d2aa06c80a2114192d479f3a044a1746.jpg,0,1
IMG-20240303-WA0029_jpg.rf.380c66b88ca830bb85bd7c4f29aa1c55.jpg,0,1
20240305_190823_jpg.rf.8d1d9d4b73cb873ab12d8140f2374396.jpg,1,0
20240305_191409_jpg.rf.9267d335166e646d9990bd9e834fe2ce.jpg,0,1
20240305_192541_jpg.rf.c9f04cb727dd796e221e72f039f0b5d1.jpg,1,0
20240309_191846_jpg.rf.4c0df7479ee7986dd0d3a9fbf8b5c902.jpg,1,0
IMG-20240309-WA0017_jpg.rf.5fc06a695d8702b582bb98f3a5eb3e3a.jpg,0,1
20240309_193614_jpg.rf.62dacaaf68b976998f3b5612a03e3dff.jpg,0,1
20240309_193229_jpg.rf.aac5cbb101c655ce13f7ed5b9bf3c7bf.jpg,1,0
20240309_190815_jpg.rf.e8ef2cd3308479f184fd446a979fae7e.jpg,1,0
20240305_191243_jpg.rf.1480236d3bffdb5c8b62f764065ca74a.jpg,1,0
1709693360493_jpg.rf.61f5993063aa326c1cd37307187b3ab0.jpg,0,1
20240305_192613_jpg.rf.c8bdd5407cb68929ecb905329dac7814.jpg,1,0
1710161569556_jpg.rf.d256c8b6c0e7e1ee11b9efd2501d73f4.jpg,0,1
1709693360525_jpg.rf.c126191d7f34061f8ca5a30b711b9717.jpg,0,1
20240309_192515_jpg.rf.fbd89c49ba62bd97daba4a44efdce18b.jpg,1,0
20240305_193907_jpg.rf.a6e88a873a40d6df1b1840c9d43b7b78.jpg,1,0
20240309_190511_jpg.rf.441237fd5f938f192b9cc81689d1359b.jpg,0,1
1709693388242_jpg.rf.f45f5525b3dc5ec96fa971508f8a72c7.jpg,1,0
1710161570352_jpg.rf.a30bb2ff8958357b52caf3b9c1164abb.jpg,0,1
20240309_193412_jpg.rf.1a7149fd1cd91236f0d8aba8ed8c210a.jpg,1,0
1710161569571_jpg.rf.660baba2eb0640ef83326727de6bc343.jpg,0,1
1710175823890_jpg.rf.90a404a5c1a1c70a151b97d9001bf2a7.jpg,0,1
IMG-20240303-WA0035_jpg.rf.c4c8b9f37e3bef1eaee7e8a336565752.jpg,0,1
1710161569897_jpg.rf.4f7b81f6aa9ad3672e0028f43090030e.jpg,0,1
IMG_20240229_221552_jpg.rf.b01c9c0a5f0337ce5c24a7cae8ea5ab1.jpg,0,1
1710175824260_jpg.rf.70b28d64fefbba7e8d566422f1344971.jpg,0,1
1710175966029_jpg.rf.ab1ef71fb298bd34ed405db30f80684d.jpg,1,0
1710175965737_jpg.rf.1429188b46e868efc18b0b0260a086c1.jpg,1,0
20240305_193535_jpg.rf.c0041ea077b136690c102c935ba5b5fc.jpg,1,0
IMG-20240303-WA0070_jpg.rf.7d23b4f795b8a5054bdf78ba6564b23f.jpg,1,0
1710175823607_jpg.rf.6a190a81bd075d0c119415659183690e.jpg,0,1
1710161570110_jpg.rf.bcf7848fa50660b1e3658a0de5a60d56.jpg,0,1
20240309_192346_jpg.rf.754b9498e1a458c59fa390f380a37c81.jpg,1,0
1710161569915_jpg.rf.1c100a629f68d5440ab654d8a9f777e6.jpg,0,1
20240309_192408_jpg.rf.120c13f4c9d0187e8d176c886344f50f.jpg,1,0
20240305_192839_jpg.rf.1a0fe8b969cc7e0bc1c014f605c383ca.jpg,1,0
20240309_192558_jpg.rf.f59e1a579b16f5ebb89084244b385719.jpg,1,0
20240309_192738_jpg.rf.21aeea10c652e89dc7d36c8ae06880d1.jpg,1,0
WhatsApp-Image-2024-03-05-at-21_24_06_d1b41312_jpg.rf.17ca7fedab00c06567101c053720b490.jpg,1,0
1710175824242_jpg.rf.90345176cdf0660fb886f64e77d7ec5f.jpg,0,1
1710175965862_jpg.rf.86232b676667d3b54886a06e6d035228.jpg,1,0
IMG20240307185006_01_jpg.rf.38527eea79ee6f3b5ebda8135d86c0b3.jpg,0,1
20240309_192730_jpg.rf.436e1f52de0ec0248bcd53509eeb6f12.jpg,1,0
fault-1_jpg.rf.2c788505401d8a99a3add722de2cc3d6.jpg,1,0
IMG-20240301-WA0006_jpg.rf.82bebbe362810c2a55b81ca65e402e98.jpg,1,0
IMG-20240309-WA0026_jpg.rf.f5d2a5685a92e78c8a93cffe08771677.jpg,0,1
20240305_193708_jpg.rf.72ca26db204d2cb59b98cddf0e582b42.jpg,1,0
1710161617704_jpg.rf.631bf2c6c32fcc981cfcd42c67208d7f.jpg,1,0
20240305_191215_jpg.rf.e9e3b37da5b264a18181b8d08bc7d2b5.jpg,0,1
IMG-20240303-WA0035_jpg.rf.02bdcd0ad48e8e712ba9ddc887bab936.jpg,0,1
20240305_192613_jpg.rf.1d068762bb8f947d0edffc71da54b3b9.jpg,1,0
20240305_193127_jpg.rf.a6d81e354bd685ab8ca68158d3293033.jpg,1,0
20240309_190528_jpg.rf.74c5c2226cdbe7acbf92bca04267e490.jpg,0,1
IMG-20240303-WA0031_jpg.rf.c5ba38ad7c8ab4de387026271382e51a.jpg,0,1
IMG-20240228-WA0005_jpg.rf.b4056d56e37b0a652b711f84e5828a07.jpg,1,0
20240309_191156_jpg.rf.3ef797ee62e303c529c8151b48510824.jpg,1,0
1710161569583_jpg.rf.89932549bcb8f22ab89f72e708f56b2a.jpg,0,1
20240309_193229_jpg.rf.003420178547953f17feabe8e92f4485.jpg,1,0
20240305_192611_jpg.rf.4cf48d01d5f062da74520c99474ad393.jpg,1,0
20240305_192541_jpg.rf.2f88f631c454a9c85619a7e751967744.jpg,1,0
1710175824019_jpg.rf.f3094364d539522b98c66649762346ca.jpg,0,1
1709693294168_jpg.rf.95608841aad7a04fe2154d98d5fbf011.jpg,1,0
1710161569643_jpg.rf.2c76c00a401cb7b23b1eab6c13349a01.jpg,0,1
IMG-20240301-WA0007_jpg.rf.c39b4898c0b8641046686bfa7047e59a.jpg,1,0
IMG-20240303-WA0075_jpg.rf.71131202d34bb93e369d41c6ba2f5e53.jpg,1,0
1710175823617_jpg.rf.3b3adfe3b341f0b019bff514b688c143.jpg,0,1
20240305_191447_jpg.rf.c78afe32ab280ec34f80a57f3dda61a1.jpg,1,0
20240309_193020_jpg.rf.4e7cb352777e05c27b0ef71e18c01514.jpg,0,1
1710161570225_jpg.rf.61dd0c750390deee3370664bf672b192.jpg,0,1
20240309_192515_jpg.rf.3316940c97fbc3402f6aa2c94c444654.jpg,1,0
1710161569950_jpg.rf.226bbd186df921e10e329b198c81cfdc.jpg,0,1
20240309_191555_jpg.rf.4f911bdcd9e0e3e9964ea8e94d1bcc5d.jpg,1,0
IMG-20240303-WA0020_jpg.rf.74519431222ff64bafad36e183746857.jpg,0,1
1710161569888_jpg.rf.472fac65b279281b5f1c3bae84ed2b22.jpg,0,1
1710161570336_jpg.rf.719eb74f174bca4747db2c299cefe43a.jpg,0,1
20240309_191720_jpg.rf.52341fa5d5c31ccb4c2c87523c55322c.jpg,1,0
1710175966006_jpg.rf.36ec8016b11040853aa20cb63d3d408e.jpg,1,0
20240305_192353_jpg.rf.eaf35510b17ef3828676b5d96e02a195.jpg,1,0
20240229_184137_jpg.rf.ff9a146941f9d189743d3a662dd866ce.jpg,0,1
20240305_191641_jpg.rf.17e611eb09fafd65a8f6b57786fd51e1.jpg,1,0
20240309_193423_jpg.rf.92b14a05bc8ea240037a37c7e94028ea.jpg,1,0
1710161570318_jpg.rf.9aaf3ece8e8e7396b2b8861a0fee1bd5.jpg,0,1
20240305_193350_jpg.rf.6d24de69b871cf0ed885f09e69b1476c.jpg,0,1
20240305_192619_jpg.rf.d976aefe1e608ee24267d5ae73841cff.jpg,1,0
1710161569897_jpg.rf.e9e11f4ec577d8c8ec8aee0a1ec79a9f.jpg,0,1
IMG-20240303-WA0071_jpg.rf.78fc801ed4b12c70907a21368ddb0782.jpg,1,0
IMG-20240303-WA0034_jpg.rf.a2da2b37297d60f522fa481fe8fd4ea6.jpg,0,1
20240305_190855_jpg.rf.2e98774defe85276eb61a132b1561b67.jpg,1,0
1710161570193_jpg.rf.6bd33b3e2f3fbd042b28e651aee84e39.jpg,1,1
20240305_192944_jpg.rf.8c43fa07cd47998416d020e262a7cb96.jpg,1,0
1710175965927_jpg.rf.07a183c5579f841588b354068c95ce18.jpg,1,0
20240305_191251_jpg.rf.8db10ec1e7b8ca6accdb83ab1b135caf.jpg,1,0
1710175824242_jpg.rf.823f1f0cebdc49888b6f748cabd72ebb.jpg,0,1
20240305_190415_jpg.rf.a8e5daede84104651d4bfe01aebc4b01.jpg,0,1
20240309_193646_jpg.rf.447b9c6385fc77cd379be37300d34754.jpg,0,1
IMG-20240303-WA0078_jpg.rf.67eab7ff68f0b824afc75b8c0fdf79dd.jpg,1,1
1710175824260_jpg.rf.822a60468189bd3c17bfdd1f4359d815.jpg,0,1
1710175965941_jpg.rf.ec7da593724db23121da483b9282517a.jpg,1,0
1710175823838_jpg.rf.e775a3d941437ba24976e9baaf537463.jpg,0,1
1710175965941_jpg.rf.3a769f82126629fdafa2cf731023dfb6.jpg,1,0
1710161569779_jpg.rf.67247e75c6ee118d7520327eb1403465.jpg,0,1
1710175823775_jpg.rf.2d5a0d11c963ec28153b19c9012ea63a.jpg,0,1
IMG20240307184614_jpg.rf.caf6dd035ef6d293ac6da410d78916d4.jpg,1,0
WhatsApp-Image-2024-03-09-at-20_40_33_0b3247b3_jpg.rf.2ee9b880f788f598c80fb569edd1feec.jpg,1,0
1710175823617_jpg.rf.c570bc93d39d90835dd0797003e2606f.jpg,0,1
20240309_192750_jpg.rf.88196db1d5a4e977be6d18b068db901c.jpg,1,0
1710175823617_jpg.rf.ededae73abd0bb256b0abeafc235608a.jpg,0,1
20240305_192935_jpg.rf.b656154f8cb106af7faee9ed5cbab70c.jpg,1,0
20240305_192839_jpg.rf.18b8ac7feb2b3d5d1473654a0f6a4b24.jpg,1,0
IMG-20240303-WA0015_jpg.rf.104b4a7a2ec93fda932d60ee06758e6a.jpg,0,1
1710161569571_jpg.rf.01eead0f93734a577ad8c98bfbf3ed55.jpg,0,1
20240305_191251_jpg.rf.e5cf587583aa3c4753e04790c1a2756e.jpg,1,0
20240309_192536_jpg.rf.e5a6404790cd2f191845aefe6c595c7d.jpg,1,0
20240305_193127_jpg.rf.372ca7e21bad0ad5934a06e6bfe132fd.jpg,1,0
20240309_193338_jpg.rf.64addc5468e286bf4715f11622c1367a.jpg,1,0
20240305_192944_jpg.rf.5e54d07201d3f19bca96121f74ae5e4d.jpg,1,0
1710161569606_jpg.rf.1ea992d6cc708ee92ccc542e99c6b0a0.jpg,0,1
20240309_192443_jpg.rf.2f3588f16f5bde063209b94cee4aaa29.jpg,1,0
20240305_191556_jpg.rf.8fba40a1ab22d54bfc291af60ef034a4.jpg,1,0
20240229_183955_jpg.rf.e209ff9ef53d09140d736fe2e67ac570.jpg,0,1
1710175823748_jpg.rf.249e8702807a61a277749215ecca1cca.jpg,0,1
20240309_191555_jpg.rf.92498425bcd18f602766d42ca3f21ccf.jpg,1,0
1710161569926_jpg.rf.66c320f43e0dae02a154579cc63c1962.jpg,0,1
1710175965941_jpg.rf.6ac1b339e52a0d07f5be15b2f31b0c27.jpg,1,0
20240305_193907_jpg.rf.ed1eb53bf5fec776d81424e728c6ce08.jpg,1,0
IMG-20240303-WA0015_jpg.rf.1d6ffe9aa3bfbec77e0f5cbe630ac218.jpg,0,1
IMG20240307184927_01_jpg.rf.5c4ff81818ca54ad8b4d608579b49996.jpg,1,0
20240229_184137_jpg.rf.b303528387523c0522aecf361b4dea58.jpg,0,1
20240309_193521_jpg.rf.edb649edb10ff796d8021d7f0444e4cb.jpg,1,0
20240309_190919_jpg.rf.7a925c126d372450e2be3d1e26244234.jpg,0,1
IMG-20240303-WA0068_jpg.rf.fbc7c90d25f2cc2a1146f178ad22b576.jpg,1,0
20240305_190040_jpg.rf.e5ee8ba6bd9a2aebd3cf4d3dfab0cebe.jpg,0,1
20240305_191927_jpg.rf.569acc7595cb6a8fbe8778eab368b5a5.jpg,0,1
20240305_192556_jpg.rf.b0780333cbedcc4c9c3f4b55d0eb4a94.jpg,0,1
20240305_193907_jpg.rf.3f79188a1e4be3ab50f1ed09199af481.jpg,1,0
20240309_192720_jpg.rf.5b1661d3a7a5aee0b37f991f0d2403a1.jpg,1,0
20240305_192433_jpg.rf.a9b7fa90ad29f7ab4393217368c06706.jpg,0,1
20240309_192720_jpg.rf.1863a1a2682a365879764f433fe76d77.jpg,1,0
20240305_191927_jpg.rf.ebdef831681e9804807bcf801f50c57a.jpg,0,1
WhatsApp-Image-2024-03-05-at-21_24_33_d57e96a3_jpg.rf.7a61fab6e07fc5f39175903fd7fb046e.jpg,1,0
20240309_193338_jpg.rf.6d871cb5e3ad2cfe5cb35af0d1318c9c.jpg,1,0
20240305_192115_jpg.rf.3ac42eae2c80b49a3744fdc435d06cf8.jpg,0,1
1710175824137_jpg.rf.22442dcbaab35831edc9384c415558a5.jpg,0,1
1710175824019_jpg.rf.6acf0ee0b00f8fd8b8d5e527fce21dae.jpg,0,1
20240305_190809_jpg.rf.d59bcaf7384309d4aafd6b6c6ca2ec7b.jpg,0,1
IMG-20240301-WA0006_jpg.rf.dc3f2bd4b03a264a99def9b2797ec180.jpg,1,0
20240305_191142_jpg.rf.c192a413c01fd31a331d081154cd53ba.jpg,1,0
20240305_190702_jpg.rf.a7b898c1d322c680dd7fe4215226b7e0.jpg,1,0
WhatsApp-Image-2024-03-05-at-21_01_47_5b753577_jpg.rf.5e0c61391cff8f7bd35125232761ec1c.jpg,0,1
20240305_191822_jpg.rf.ebc3c06ce4a234e2e271cc9d9be9b621.jpg,1,0
20240305_192404_jpg.rf.f10b7866165625d5f96c38aeaaa740eb.jpg,1,0
20240305_193924_jpg.rf.ef12fbdf2e3e655a5bed28aab6b0f7bd.jpg,0,1
IMG_20240301_065214_jpg.rf.4f043e60fd5814336de98a200829115c.jpg,1,0
20240309_192959_jpg.rf.dae12070dd4e789c3e82a21fd959c3c1.jpg,0,1
1710161569771_jpg.rf.6988dd44633de88e7a22e90476ad404e.jpg,0,1
1710161570063_jpg.rf.503b015781ed9566afd8ca7f0ba91280.jpg,1,1
1710175966006_jpg.rf.e0ae324a41d29676c29eeec6cc326c26.jpg,1,0
20240305_193413_jpg.rf.593581500ec90e1bf5f100bfc9c53936.jpg,1,0
20240309_190152_jpg.rf.99a7cc48f5a72d6ba4a396234a2778ca.jpg,0,1
IMG_20240229_221617_jpg.rf.333c951a495c3b11fb8563117b7b75f9.jpg,1,0
1710175965799_jpg.rf.95b7d8ca24a00afe148c6ed409a4138a.jpg,1,0
IMG-20240228-WA0007_jpg.rf.e2497b6183a75def69a309a8f150f349.jpg,1,0
IMG-20240303-WA0010_jpg.rf.adc831065c29957f18dc6ab3c4ff180e.jpg,0,1
IMG20240307184927_01_jpg.rf.0ec34b86134047a52f5c12bf6758afd8.jpg,1,0
IMG_20240229_183238_jpg.rf.342b902ce8b262ce10dd1c5acca5870b.jpg,0,1
IMG-20240303-WA0029_jpg.rf.57ef12a034396b2841bf65187580a297.jpg,0,1
1710175966024_jpg.rf.ed43794497f1ed94e3ec9042d9bdc7ef.jpg,1,0
1710161569897_jpg.rf.05f5ae0a7973a7bd2fd947df4660d243.jpg,0,1
20240309_191005_jpg.rf.7aecfbffd883b0214026677f2b7a84f4.jpg,0,1
20240305_193539_jpg.rf.64bc1061e3f569f022884e5f9cd20f38.jpg,1,0
1710161617729_jpg.rf.05b25c10af3dd2f82c75769520a4e0d0.jpg,1,0
IMG_20240301_065950_jpg.rf.0398ab833cadec485a73796e5a82afda.jpg,1,0
1709693360443_jpg.rf.9e307902c459b7b674b4f09d56a3e91b.jpg,0,1
1709693294390_jpg.rf.296979664d5171e911ceadb8e50f3842.jpg,1,0
IMG_20240229_221734_jpg.rf.03d99f32013b148c01883f42c85a5b80.jpg,1,0
20240305_193316_jpg.rf.66db942588d7b5a97a64324fb5bd6a2e.jpg,1,0
1710175966024_jpg.rf.a27128e79eaf341bac60b410a32c9205.jpg,1,0
20240305_193310_jpg.rf.a67ecf4dd2b782c2cd653141b9ccf25d.jpg,1,0
20240305_193520_jpg.rf.4750ed14dbfa9ecd0f20f7ee8e6b17c0.jpg,1,0
1710161569556_jpg.rf.1ba56cb30ae3dae4d9a329b270236513.jpg,0,1
1710161569852_jpg.rf.724f222e39d58bb37de8f61014c9f8a1.jpg,0,1
IMG20240307184927_03_jpg.rf.fd75421d23c5b776f38c0a882b3b4665.jpg,1,0
1710161617716_jpg.rf.4f6b375c43f4f7fb23342c344348b1c1.jpg,1,0
20240309_192048_jpg.rf.c086b9f656773dfb4f39ca5aa494ac72.jpg,0,1
1710161569965_jpg.rf.d3231c9e3407d9cba3954f7557606c9a.jpg,0,1
WhatsApp-Image-2024-03-05-at-21_23_59_01a0e8fd_jpg.rf.fd6e57434ba9fee4cecf52932ea468e5.jpg,1,0
20240309_190518_jpg.rf.188a82cdb070030368e524c6544b3c2c.jpg,0,1
WhatsApp-Image-2024-03-05-at-21_24_33_65302b3b_jpg.rf.6109d222c98c873fa8148976303ef8cc.jpg,1,0
20240309_193159_jpg.rf.10213d97f769266e85f08bdec12a7459.jpg,1,0
IMG_20240301_065138_jpg.rf.9715f9c29b9725c156dd358e02b3d9d7.jpg,1,0
IMG-20240303-WA0028_jpg.rf.600febdb0871d3172cfc1d0b27ea48e4.jpg,0,1
20240305_192124_jpg.rf.bdbc2dbc635eab5dad85508ba6b70cf4.jpg,1,0
1710175824310_jpg.rf.a7502fe2476c959d3279c0ba1dd801de.jpg,0,1
1710175823941_jpg.rf.bfc2fc589f3a01d959fbc046a1175761.jpg,0,1
IMG_20240301_065507_jpg.rf.977c7bdc642c8fdf9921fe21f3857684.jpg,1,0
IMG-20240228-WA0013_jpg.rf.6dd6ad740197580518b1ddaaf0360394.jpg,1,0
20240305_191205_jpg.rf.a2c981f244a3e4550f15afa1c7600cd7.jpg,0,1
20240305_192308_jpg.rf.5c0f2f833b623f6ecbd7eba3102190f7.jpg,1,0
1710175965762_jpg.rf.778faecf15d352974ec57a6042074695.jpg,1,0
20240309_191437_jpg.rf.ae7e6e40f59fad644e3f1063e6e5c6fb.jpg,0,1
IMG-20240301-WA0005_jpg.rf.d9af518bba0236a5391b8704ce1d1a0f.jpg,1,0
WhatsApp-Image-2024-03-05-at-21_24_05_b6036d11_jpg.rf.2816d87da13de45743ef4ab157c13e55.jpg,1,0
1710161569725_jpg.rf.18612bc260ca7f82521b07804f3504ad.jpg,0,1
1709693360484_jpg.rf.b48cfd294d7841b7aabde9e84b4a98c3.jpg,0,1
20240309_191702_jpg.rf.747e9d3ad5a0c77afeba14d92bcaa237.jpg,1,0
20240305_191903_jpg.rf.6b091c1204a6956d9e975d0f14702259.jpg,0,1
1709693360525_jpg.rf.216a5fbf38252499a89d11d3e79ced36.jpg,0,1
20240305_191316_jpg.rf.58d2c595a155a8d101984d36d7e5004b.jpg,1,0
20240309_190410_jpg.rf.b52efccfd9f3277a45446de7b11a3ad1.jpg,0,1
1710161569867_jpg.rf.4e5872ee0c7cc771f49b2cc7e1c64fea.jpg,0,1
1710175965751_jpg.rf.3376e548713a4a841450ae41da15cac0.jpg,1,0
1710175823662_jpg.rf.30ff65e032ad45fe63aa1e7d2a3d6fb3.jpg,0,1
1710161569905_jpg.rf.cbc1f43888162bd7f4147fb363d5088e.jpg,0,1
1709693360596_jpg.rf.353df1f7dfd882f0f868cded3e4dbb65.jpg,0,1
IMG-20240228-WA0004_jpg.rf.59382b5ac18cfe3110d8b44454904bad.jpg,1,0
20240305_191428_jpg.rf.d02575275287883bfae6e50c2010c193.jpg,0,1
1710161569606_jpg.rf.79370ed00816fec1b4b478a0fcb43cf0.jpg,0,1
IMG-20240301-WA0004_jpg.rf.838006e0b151ef412f188f80b67dc507.jpg,1,0
1710175966018_jpg.rf.78072ff3b5a205831028d8ede61c8efa.jpg,1,0
20240305_190254_jpg.rf.66b7f17ca2f957fbd5dbb2b66401de4b.jpg,1,0
IMG-20240303-WA0068_jpg.rf.7943f7e1f7cfbcb4672dacd89d2e7b0b.jpg,1,0
20240305_192353_jpg.rf.5046d2637b0e7b0f2bfbd575c2796f5f.jpg,1,0
IMG-20240303-WA0015_jpg.rf.18816c23f15818f5da086e7a37297a69.jpg,0,1
1710161569763_jpg.rf.6594190f388d29a6e7e2df3dc22145d2.jpg,1,1
IMG-20240303-WA0075_jpg.rf.bc881f885d9ace87edf82f0796ae8caf.jpg,1,0
1710175824137_jpg.rf.077016e2201bf004fe7e4c5106c107c8.jpg,0,1
20240305_190702_jpg.rf.2129233c15e47e91c144923d130ba590.jpg,1,0
20240305_190855_jpg.rf.a9aa2da3910a3d3ccf8ece7b5309132d.jpg,1,0
20240305_192433_jpg.rf.fdde8c8c786617fced84e473b3cd8b5f.jpg,0,1
1710175965998_jpg.rf.a069358c41b899aa952b12d5aceda58b.jpg,1,0
20240309_192443_jpg.rf.feedd49c5c684f1ba822ffea2e4777aa.jpg,1,0
20240309_191113_jpg.rf.2140495e5c9ba738f35c2b99497ed540.jpg,1,0
20240309_191555_jpg.rf.b7ad0efc582ed83b5b32c9bffd0e4643.jpg,1,0
1709693360427_jpg.rf.39ffda4aa5c1f1b733b32eeffc8abbaf.jpg,0,1
IMG-20240303-WA0071_jpg.rf.ed934300782ca9c826cb7967592605a6.jpg,1,1
WhatsApp-Image-2024-03-05-at-21_24_33_d57e96a3_jpg.rf.8bd56842da3684c20489fcef09db49aa.jpg,1,0
20240229_184131_jpg.rf.aabe59d8707f3a17da2ef8390fa64c53.jpg,0,1
1710175823761_jpg.rf.351a3d8d6dd62875ddeafc841cd90d41.jpg,0,1
WhatsApp-Image-2024-03-09-at-20_40_33_0b3247b3_jpg.rf.1c3f6b205da7082ef811e116e82e00be.jpg,1,0
1709693294364_jpg.rf.4f697f1c9afaca466bb311616434e0d0.jpg,1,0
20240309_193159_jpg.rf.24b03c2b235dc2429efc391634ea11fb.jpg,1,0
20240305_192729_jpg.rf.6701afd5d428761de027173d8ae14a0e.jpg,0,1
1710161569771_jpg.rf.b36228c12fb0eaac2317e92820c86260.jpg,0,1
20240309_192437_jpg.rf.efc687a44d2bad6cde7059dd49ad326d.jpg,1,0
fault-2_jpg.rf.04739ad83ab3265caab9bf4ecf21eb06.jpg,1,0
IMG-20240301-WA0006_jpg.rf.6f68e4cab4a54172a7d02fda2ad14539.jpg,1,0
20240305_192839_jpg.rf.57a94c5fbceb7c03a2d1d838d7a7496a.jpg,1,0
20240309_192057_jpg.rf.ead6a02e7301a203a256748c6372639a.jpg,1,0
1709693360515_jpg.rf.f55c72160c00788f20efae89db9a43d1.jpg,0,1
20240309_191314_jpg.rf.25243a85e20722a5c052c95b22699fb4.jpg,1,0
1709693294152_jpg.rf.a8ed8b087bec6ab3c7bcc9dc3788960f.jpg,1,0
1710175824019_jpg.rf.9466038ba37c9a095aa2990d9fbcee1d.jpg,0,1
20240305_191556_jpg.rf.dde27b52c8f53d325ce3195fd625e7c8.jpg,1,0
WhatsApp-Image-2024-03-05-at-21_24_01_5e6fba50_jpg.rf.bf25af25f914e123024bb83e6866b55b.jpg,1,0
IMG-20240303-WA0078_jpg.rf.1c37f4238bf0762e10a3fb67421c9d6b.jpg,1,1
IMG-20240309-WA0040_jpg.rf.fecde4e1d7fd422da841c0a1245dca60.jpg,1,0
1710161570047_jpg.rf.c81d0d194a3afa2e19514b27e59019de.jpg,0,1
20240305_192132_jpg.rf.f1443b04fd7ac41c7a2b7ea23a766152.jpg,1,0
IMG-20240228-WA0009_jpg.rf.8e20980090affd14b626708a2ed4467c.jpg,1,0
20240305_190040_jpg.rf.47162937fbb407b115ecce4221b4af97.jpg,0,1
IMG-20240228-WA0006_jpg.rf.0bf7a468d8509a4419941b47ae438b42.jpg,1,0
20240305_192404_jpg.rf.4f4f13323675986ba931698555c8323c.jpg,1,0
IMG-20240303-WA0023_jpg.rf.473ad1f60e2e03805a5e36425f54a558.jpg,0,1
20240305_190855_jpg.rf.362be76444ce5070d3c3241c88e87f89.jpg,1,0
20240309_190943_jpg.rf.695a57383ba1f340cb4b318d97d0b634.jpg,1,0
20240305_191001_jpg.rf.7441e1605a867f6d5f1c1f5aaa4e2d61.jpg,0,1
20240305_192115_jpg.rf.e7bd991e856aac5c557581a8b6b04713.jpg,0,1
20240309_190528_jpg.rf.078599047b13d6b5dbe2d69b32c5239c.jpg,0,1
1710161569799_jpg.rf.acbd6e133328acb2cf46cd0f4de4bc19.jpg,1,0
WhatsApp-Image-2024-03-05-at-21_24_06_d1b41312_jpg.rf.0a2e51ac527550409f512e98f5f44a41.jpg,1,0
20240305_190801_jpg.rf.8482772b5fb76ca60d8ccb4350ff158e.jpg,0,1
IMG20240307184614_jpg.rf.01e2c652a910a268b543b4c8874342ee.jpg,1,0
1710161569571_jpg.rf.8bfb2e7a6c17aa4daa2826d3be738d20.jpg,0,1
20240305_192556_jpg.rf.affb5b8b6a9162c61e449bde0541d59e.jpg,0,1
IMG-20240301-WA0003_jpg.rf.df4cfecd99d543a32012daa5031f7438.jpg,1,1
20240309_192536_jpg.rf.90763259bb84435ca583f2335a45ed75.jpg,1,0
20240305_190809_jpg.rf.4f7a0db94ce00f54055ec7deb2cca58a.jpg,0,1
20240309_193521_jpg.rf.b97ff304dbb36e8fa0cfece24465d16b.jpg,1,0
1709693360552_jpg.rf.77c902ed9718a4e8c5c54461c423ff4c.jpg,0,1
20240305_193127_jpg.rf.b853c51a493726eccbddaeef5148e2c2.jpg,1,0
1709693388265_jpg.rf.7a23b541b4d4798c5952747e8fcd68e5.jpg,1,0
WhatsApp-Image-2024-03-05-at-21_01_47_5b753577_jpg.rf.0059799e73a87688b7cfc1489d6824d4.jpg,0,1
20240305_193708_jpg.rf.f20b58dcbaaf4189d4eddabc11a983dd.jpg,1,0
20240309_192959_jpg.rf.c6006a870e84dc10bd6da7e3c2a1c5cd.jpg,0,1
20240309_192750_jpg.rf.f64ecc91d2673ccc29c31830f7fd00c5.jpg,1,0
1710161617737_jpg.rf.da6e1efec649181b907ebb0fa781b59a.jpg,1,0
20240229_183955_jpg.rf.cebb6430b320ea1ee5a91b870830adb6.jpg,0,1
IMG-20240303-WA0016_jpg.rf.afaf1a9775083e37f5d761a7540f247a.jpg,0,1
20240309_193646_jpg.rf.766b9514ce8d9b453be4037b4ea3a837.jpg,0,1
WhatsApp-Image-2024-03-05-at-21_24_33_afc1f914_jpg.rf.520f4cfc5963b34fcfc0dae41942c8f2.jpg,1,0
20240305_191513_jpg.rf.74e7c0c1d80971ef2cd07c21e96f8b89.jpg,0,1
1710175965862_jpg.rf.8ac313afe29057789ac017cba06aec80.jpg,1,0
20240309_193752_jpg.rf.027c2c957350ddd9f92ca38fdd9c24ed.jpg,0,1
20240309_190919_jpg.rf.6ebc42585d864cd3cc3a75b14c97f0dd.jpg,0,1
20240305_192221_jpg.rf.df0a657cf9184b5130363945906e3d4f.jpg,0,1
1710175824121_jpg.rf.cc116851feb9853230a85bf768057321.jpg,0,1
1710175965737_jpg.rf.01a60d9eeda23580395ea4d8e09432da.jpg,1,0
20240309_193548_jpg.rf.1193a8ef5bb8b323a3de7217514da47f.jpg,1,0
1710161569809_jpg.rf.41ad8236176d0e85c13c4e0887a5f853.jpg,0,1
IMG20240307203439_jpg.rf.72ba94bd7ef8a014d13b5158cfefabac.jpg,1,0
20240309_192244_jpg.rf.8c05b9d02d4324cba732ec91e44217bf.jpg,0,1
20240309_193237_jpg.rf.068aeb06d700c0a520c8eb9a0f97bb78.jpg,1,0
20240229_184030_jpg.rf.e79554b9cce9acf2d367822191354716.jpg,0,1
1710161569673_jpg.rf.59a74c62fd50a7fd6c2519fbbc158eb2.jpg,0,1
1710161569867_jpg.rf.98a85cbf81c755beb4a59e604a4b971c.jpg,0,1
1709693360493_jpg.rf.148c5aa8321c1da925c54c6bfac2c341.jpg,0,1
20240305_190649_jpg.rf.2f0cf66096bb3a1f476ebe1f75854b0c.jpg,0,1
IMG20240307203519_jpg.rf.914bba77561dbf620842805012013989.jpg,1,0
20240305_190254_jpg.rf.d5f2ec14512b8070183ccf023be8a0b4.jpg,1,0
1710161570193_jpg.rf.21f701e82a2d370a79497316b27fe658.jpg,1,1
1709693360543_jpg.rf.d768e9f1ccf2d54f572c5f63d565b453.jpg,0,1
IMG_20240301_065309_jpg.rf.4c51d73b8de69100f4c4cd507f2fbe3c.jpg,1,0
20240305_190823_jpg.rf.8ecad0b72b46806d27f0988bfb8abedd.jpg,1,0
1709693360420_jpg.rf.b0e3528406aad342beb286c8eee7679e.jpg,0,1
1710161570110_jpg.rf.c86990d345110e6b4da97f855c262738.jpg,0,1
20240309_190511_jpg.rf.589e524d5cd71c52a331f09f8093bb89.jpg,0,1
20240305_192757_jpg.rf.688c9840afcc8fe25794c64a02ffb57a.jpg,1,0
20240305_193316_jpg.rf.1a53061d822075b63ff7b4c9fc40d7ef.jpg,1,0
20240309_193614_jpg.rf.acbccca7bb04610fc5a1d0aec577ea9e.jpg,0,1
1710175823674_jpg.rf.99ec6892d20650a298f33f80f585aa1d.jpg,0,1
1710161570352_jpg.rf.3b7aeac865b8c1be59e1fa61d1bc58fc.jpg,0,1
20240305_191409_jpg.rf.ad826aa181e899ef7d007e593c6c8194.jpg,0,1
IMG-20240303-WA0080_jpg.rf.cc328b83cd9a506dc58aee81f8b917df.jpg,1,0
20240309_192730_jpg.rf.7e244cc417f7226c537271476d048178.jpg,1,0
20240305_190357_jpg.rf.f515c46daca17cbbfba7bf6cdbbbb711.jpg,1,0
1709693294390_jpg.rf.43f6864974ecece9b1ab63dd5ee65941.jpg,1,0
1710175823748_jpg.rf.e9348830a722ebf14df96e09929ba348.jpg,0,1
1710175965786_jpg.rf.f10cc48f733321d3355f099d3f4da554.jpg,1,0
1710175966006_jpg.rf.9658f127db3733a0f05c52430f0c5f18.jpg,1,0
20240305_191551_jpg.rf.879f07cf5d794146fdb844d9d1ee1acc.jpg,1,0
IMG-20240228-WA0005_jpg.rf.ff2ca4aef133b52cd8fa96d8dc8f51dd.jpg,1,0
1710161569779_jpg.rf.eab2cf2b0e52dcfa2334d1c08f9da97c.jpg,0,1
20240309_191702_jpg.rf.efe00039fa88c346d2f8172ea8c19ee2.jpg,1,0
1709693294364_jpg.rf.7bbc4376fae0dc67276c0250a6ab8a21.jpg,1,0
1709693360484_jpg.rf.80f9a582e5faad3973f4b293776069e8.jpg,0,1
20240309_191846_jpg.rf.33d7ce94b0961021b7fc8c5bc99481e8.jpg,1,0
1710161569926_jpg.rf.f16c1a5c1b51842174d7ccfe7f4c46a8.jpg,0,1
20240305_191721_jpg.rf.4c1901e319676ae1877d499b295df160.jpg,1,0
20240305_193520_jpg.rf.9e6a5ebef663808fb51ddd3e57f75354.jpg,1,0
20240305_191205_jpg.rf.f0c8b8733372699f795b4058c83cd245.jpg,0,1
1710161569771_jpg.rf.366405398151250d61a911c27e618fc2.jpg,0,1
20240305_192404_jpg.rf.f878f01ebca51b4e23d3091efd8f8a89.jpg,1,0
1709693294152_jpg.rf.faee1824d019fdd15564f8ab352ce216.jpg,1,0
20240309_193020_jpg.rf.e153eeb62cc20cb12004ecf2c4ff8218.jpg,0,1
IMG-20240303-WA0070_jpg.rf.06a0db48b38640425a44004bb69c9d17.jpg,1,0
1710175966024_jpg.rf.63c7842b86a8f3c662e1bb09a92f0b39.jpg,1,0
IMG20240307184613_jpg.rf.fb69d387c64005fdc3d13aab2e56a374.jpg,1,0
20240309_193412_jpg.rf.52eb1f890eca40a2cbb050aa63035a66.jpg,1,0
20240305_160610_jpg.rf.a23bd08245748de83a564dbf38bf593d.jpg,0,1
20240229_184030_jpg.rf.03c19715250476c95349603ef04e1b4f.jpg,0,1
20240305_191243_jpg.rf.76f7ee2647485bca2d05496d4e778682.jpg,1,0
20240309_193548_jpg.rf.81b1efa4c1ac6731ec6cb911153ac816.jpg,1,0
20240305_193924_jpg.rf.733f91c566d512754509a13ed4e0c486.jpg,0,1
IMG-20240303-WA0074_jpg.rf.d4109624363b60efd5545fd72d5ede1c.jpg,1,1
1709693388265_jpg.rf.0d91fd8e2ea134050da32fb11312e357.jpg,1,0
1710175823761_jpg.rf.a9408e9a87e233f2bc629044e5fcdfab.jpg,0,1
20240309_191156_jpg.rf.c27254133019810539b6ce298f59e4ec.jpg,1,0
20240309_193338_jpg.rf.da526a9bde95b88d389782b6fdfe9d51.jpg,1,0
1710175823941_jpg.rf.86bb03af0f7e06f28fe164e1037aec64.jpg,0,1
1710161570063_jpg.rf.5c34933b0c28a8444927ee17676306e3.jpg,1,1
1710161569852_jpg.rf.1e9c273a14ccc14d0df6f21c95c1daab.jpg,0,1
1710175965786_jpg.rf.591815bf775fabc721533fd4e3bf4624.jpg,1,0
20240309_191437_jpg.rf.7661b676f0ab5e7389576de4cfec8b7b.jpg,0,1
20240305_191513_jpg.rf.ed9aad54526380575d350c1f7f61cb78.jpg,0,1
IMG_20240229_221734_jpg.rf.a7d837591af4251738d3d100ab33a700.jpg,1,0
20240305_160610_jpg.rf.0a4d517c5546502b7729540587490af0.jpg,0,1
20240305_190944_jpg.rf.683de679c8a10363bab92681bd06d008.jpg,1,0
20240305_191641_jpg.rf.fa8c645571641e7ae16bb5409d0b1307.jpg,1,0
1710161569799_jpg.rf.04dbc7b808c1ef6f573608feb2cb7f5b.jpg,1,0
20240305_191903_jpg.rf.6bf987c4c03549b3c8836410255af75a.jpg,0,1
1710161617729_jpg.rf.3f8c1fd62c582c73296bef571d8fc322.jpg,1,0
20240305_192132_jpg.rf.485da33dbe10bb52212b94e16be3b70a.jpg,1,0
IMG-20240301-WA0004_jpg.rf.ec2983d4b9592db7c259951ffc673802.jpg,1,0
IMG-20240303-WA0023_jpg.rf.13add11b8d3c8342f6f326ee366bc00b.jpg,0,1
20240305_193350_jpg.rf.bf003e41a3999df2e8ac87a1f50e507e.jpg,0,1
20240309_190518_jpg.rf.193c8a349c59e6689032b2b5b5962f17.jpg,0,1
IMG-20240309-WA0017_jpg.rf.61cb56520dbf2f713a329e6f5a6812d5.jpg,0,1
1709693360596_jpg.rf.fdf60c10cd5ec247f3dc4f6818dbc8c3.jpg,0,1
20240309_193159_jpg.rf.8d75cc4f6b59af9859d3bf2a149e9028.jpg,1,0
20240305_191401_jpg.rf.2575def044da04ef4569a098b35bb51a.jpg,0,1
1710161617737_jpg.rf.8ecd054646c92dcd77484e34d540b80c.jpg,1,0
IMG_20240229_221617_jpg.rf.9e2968a4bb2cfa8b1197ca384ea9a3c7.jpg,1,0
1710175965762_jpg.rf.d65fb365197fa62343bf59719e3c5a16.jpg,1,0
20240309_191113_jpg.rf.6a2510e868e210973a7dfd7e759df687.jpg,1,0
IMG-20240303-WA0016_jpg.rf.daa98d5a41c14be9ea1db4221166fe87.jpg,0,1
1710161569763_jpg.rf.61e08eb0c194930b4db663b3d04bfc8a.jpg,1,1
20240305_191001_jpg.rf.18053f7348111c23127da1582c457a82.jpg,0,1
20240305_191001_jpg.rf.22c527bec1635f4ae559686639420d51.jpg,0,1
20240309_191314_jpg.rf.7b13dc65878b3a103a378863e189ad3d.jpg,1,0
20240309_190815_jpg.rf.a754e4344d123467fedf98b85d857ff8.jpg,1,0
1709693294152_jpg.rf.866285608e7d655a2eacf10cdb5404c3.jpg,1,0
20240309_190943_jpg.rf.4b68e4c9640676efa75be5f67c8a4f41.jpg,1,0
20240305_193316_jpg.rf.bb7227f5bbfcb4fb8b3ddf8dd75ac631.jpg,1,0
20240305_191205_jpg.rf.89f136ee4c86c8863337c3d0e8250b5e.jpg,0,1
20240309_190606_jpg.rf.347cb28dddffbe64a3277b676588e82d.jpg,0,1
20240309_191005_jpg.rf.dcb925affa30ee1cab73721af80775fe.jpg,0,1
1710161569594_jpg.rf.13fdc804be9814c815d5af12804fbd1f.jpg,0,1
1710161570269_jpg.rf.271d786a90076e1d2fdd21b851ed4140.jpg,0,1
IMG-20240303-WA0069_jpg.rf.475d03cdf2e38fb79fcae74080297245.jpg,1,0
IMG-20240303-WA0042_jpg.rf.dd2d4e3034f63b33951d1d18440ae4c7.jpg,0,1
1710175823864_jpg.rf.7978cd7048ebce981294507daabe0a62.jpg,0,1
IMG-20240303-WA0077_jpg.rf.9e0aa40e91cb8585ee07fc258797a098.jpg,1,0
1710175824152_jpg.rf.a045c2c901855b9dd4cea979aa104377.jpg,0,1
1710175823689_jpg.rf.48bc267fa0363ca0b5faf610fca13d1c.jpg,0,1
1710161617685_jpg.rf.41b14505522f920f8652eb300ed1109c.jpg,1,0
IMG20240307184929_01_jpg.rf.3bd8e0b2bf82415a980701d2d075a61b.jpg,1,0
1710161570028_jpg.rf.c4a1c44d69badf83ad530459d93007ac.jpg,0,1
20240305_193102_jpg.rf.bfba14341990ddf605fe568452094c71.jpg,1,0
IMG-20240309-WA0004_jpg.rf.233301f85143a6a7dfbefb9a2aad14a1.jpg,0,1
1710161569686_jpg.rf.d7dc828ee9ed4b264284404faa9f04e8.jpg,0,1
20240305_191648_jpg.rf.7d27f8dc0336f1b29d522d3837ca821f.jpg,1,0
20240309_192506_jpg.rf.5a21ed5b9f18cc75875abf20e3488570.jpg,1,0
1709693360443_jpg.rf.ae2226526ad20780fc433a4aebb3b86c.jpg,0,1
IMG_20240301_065214_jpg.rf.4612d26f217ad85416656039dfd1a52a.jpg,1,0
1709693360581_jpg.rf.1c0c89f4e3dec9d07e21b1b20ae9621a.jpg,0,1
1710161569699_jpg.rf.65531c4cb032b3592e0887c684138f5d.jpg,0,1
1709693388274_jpg.rf.96c2f73bfd1f4ad76e36228bfb6a784c.jpg,1,0
20240229_184001_jpg.rf.24d0cefb389ebc4664e60e53f892f380.jpg,0,1
20240305_192722_jpg.rf.d23dd0f3b049453d53608cc834f5f72e.jpg,1,0
1710175965744_jpg.rf.3e88ea46c7b64dafa5ee11d766400a77.jpg,1,0
20240305_193403_jpg.rf.44833eb951bcf75c3298bb9974965c9b.jpg,1,0
IMG_20240301_065553_jpg.rf.0410c15083951ebae702ceec3a2b91da.jpg,1,0
IMG_20240301_065208_jpg.rf.52ce03a31b41a3dbbc3f37c2ad77d479.jpg,1,0
20240309_193958_jpg.rf.481767cc4e2e773e31622f1286fb0d6b.jpg,1,0
20240302_051154_jpg.rf.b8ae11c5662a8c74a2076eccc6c5c250.jpg,1,0
20240309_194052_jpg.rf.97b2f4b36416b07a35ec41dfc515ad45.jpg,1,0
IMG_20240301_063926_jpg.rf.ef72fbd98382818139f4c9883f2f4639.jpg,1,0
20240305_190241_jpg.rf.786c4752586e25f2542ba10ed567777c.jpg,1,0
1710175965896_jpg.rf.c8dd8251f37ac7b2e404416ee83e8d38.jpg,1,0
IMG-20240303-WA0072_jpg.rf.28fa99e3d09959044065b25d7976167c.jpg,1,1
1710175823915_jpg.rf.6075d9946b09bb081ca54afce142a77b.jpg,0,1
1710161569617_jpg.rf.1688c36e1d1885d8eafaf77cc68a9585.jpg,0,1
1710175966012_jpg.rf.75fbcb2879bd605a35622a8601d6eb43.jpg,1,0
20240305_192822_jpg.rf.7d2923709493e6fe9ecbeaabd031ddc2.jpg,1,0
20240305_191917_jpg.rf.2cbdb8e4a3db4cc0dea5e05b925257fb.jpg,0,1
1709693360581_jpg.rf.4cb53e1b8280c62ac856960806f82bfd.jpg,0,1
1710175823637_jpg.rf.a376240ae154b0b2e0b16f45dc74db6a.jpg,0,1
20240305_193420_jpg.rf.8806074361a5b3de6802b6c2d75c7bb2.jpg,1,0
20240309_190209_jpg.rf.010a661a27937ba7e64c4eb3b698e310.jpg,1,0
20240309_192506_jpg.rf.4a2f00a770275ef9812052cf1ad54d46.jpg,1,0
20240305_193625_jpg.rf.c9bb609c95985c70ea7ab4a07c447230.jpg,1,0
IMG_20240301_063941_jpg.rf.f5f6787c854c236ba98269e28ba2b295.jpg,1,0
1709693360468_jpg.rf.486c1c41a26fb878b9b839b78704d3f3.jpg,0,1
1709693360451_jpg.rf.a6bf6172a4d8afd8bdf0e69701d5fb49.jpg,0,1
IMG-20240303-WA0033_jpg.rf.1ea122204fdb45cc184a47bdd9e9f6d1.jpg,0,1
IMG-20240303-WA0032_jpg.rf.c949f73c6ee83fd43d322cd32a0e8fc1.jpg,0,1
1710175824192_jpg.rf.1f5a29c6b629e79d55f4389f2a2947be.jpg,0,1
1710175824207_jpg.rf.d05c32bf35afad3b147597838de255d1.jpg,0,1
20240305_191048_jpg.rf.d56a160714e63eae199e1691c55ea2f1.jpg,1,0
fault-2-a_jpg.rf.767a5e82eb6d2e667b2a33cb30fd29f0.jpg,1,0
1710161570252_jpg.rf.631ed6a4227ea627b7082cec6cdf8c9a.jpg,0,1
20240305_193549_jpg.rf.41227761ebeb600efce45568ed94fe39.jpg,1,0
IMG-20240306-WA0046_jpg.rf.10e3f8674ea155fa9ecb9288e1dad065.jpg,0,1
1710175823818_jpg.rf.59953566770ad39f2bc95d9054a64397.jpg,0,1
1710161569836_jpg.rf.e0300dbf03598a1a46cb27a36aae3bc0.jpg,0,1
20240305_192017_jpg.rf.0f53a73fed999f3928a08fdfbc9bfacd.jpg,0,1
20240305_192357_jpg.rf.5574f0fb079022619fd495b4f8bea3b6.jpg,1,0
1710161569786_jpg.rf.49f2f645da98bad174d59e7c47da823b.jpg,0,1
1710161569936_jpg.rf.13844f7c648d88699f3d066e6845d3c5.jpg,0,1
IMG_20240229_221747_jpg.rf.094d2fbdfd1a0bb8d50f5b561a0a888b.jpg,1,0
20240305_193322_jpg.rf.920d0cab583452e807dbbfb6a0ade3e9.jpg,1,0
IMG20240307184612_jpg.rf.33103d54fad5e27560a26d69e4215e68.jpg,1,0
IMG-20240303-WA0009_jpg.rf.e736c35a598ca109224de85ad175bd03.jpg,0,1
1709693360568_jpg.rf.076280b4f39851f9c24d45363202dc79.jpg,0,1
20240302_051214_jpg.rf.55fc9e5781198aee25310d0976f21b3d.jpg,1,0
IMG_20240301_065332_jpg.rf.60300438169370b4121eaa7306ee6159.jpg,1,0
IMG-20240303-WA0032_jpg.rf.651c74e3b303214a60b9233df2255ea4.jpg,0,1
1710161570146_jpg.rf.52936049fb9693074f29e9268b568d14.jpg,0,1
IMG-20240303-WA0008_jpg.rf.90c9e48d2aedf8d8080e8bc685bf127d.jpg,0,1
20240305_192648_jpg.rf.4613881186db732c9608231cc0599481.jpg,1,0
1710175824105_jpg.rf.a4eaef2dde485c017e77cc5f28d4c56e.jpg,0,1
1710161570303_jpg.rf.cd97683cf6298d746e0a2c384265296e.jpg,0,1
20240305_193539_jpg.rf.f4d4d6e876c271806d82eab45063e09d.jpg,1,0
1710161569686_jpg.rf.d0709c4262f6b3fd96edac5066788833.jpg,0,1
1710161617696_jpg.rf.3a5c7b58bb552261f41a3536b8f6d263.jpg,1,0
IMG-20240228-WA0015_jpg.rf.12969e791e502b800e26042a70e9c936.jpg,1,0
20240309_190619_jpg.rf.78e64255f40c74a9df921bee36ba55ee.jpg,0,1
1709693388228_jpg.rf.4ca29bdc5b5ee4d19eef580b585009f8.jpg,1,0
20240305_192639_jpg.rf.dd6b721818c95364dfd01e9e09e879bd.jpg,1,0
20240305_193714_jpg.rf.d2e88315e517e37352081bdebeca1d7d.jpg,1,0
20240305_193139_jpg.rf.0eb5e5667a71fd197e5a99d338c31285.jpg,1,0
1710175965909_jpg.rf.4c57d7bd1b2930300755fea00e535ac5.jpg,1,0
20240309_192419_jpg.rf.3289d3bcfd19f2f968ebdfc9447059bb.jpg,1,0
WhatsApp-Image-2024-03-09-at-20_40_35_1771beaf_jpg.rf.a1f26e35b458f618232bafa05185f879.jpg,1,0
20240309_190657_jpg.rf.8e3cc1c557b620df3d36b05d9401c898.jpg,1,0
1710161570177_jpg.rf.e99decf1d846ca916597fc1df0de7087.jpg,1,1
20240309_191250_jpg.rf.17f413398a7201646a7eac513be86b03.jpg,1,0
20240309_190606_jpg.rf.525406b1c36d1c08e79157ef8b2f6b78.jpg,0,1
20240309_193627_jpg.rf.7708d0f3567c2dbf651c55e520d3ec94.jpg,1,0
1710175823960_jpg.rf.1bf08e13b47ddc329f68805d873b5aac.jpg,0,1
20240305_192453_jpg.rf.20eab7433cbdf1f2204ecd9638cd4e3a.jpg,0,1
IMG_20240229_183012_jpg.rf.dd2165f30512ef9918ae244d6cb7bec9.jpg,1,0
IMG20240307184349_jpg.rf.c19a6e4d229cdbe70784997c44754e79.jpg,1,0
IMG20240307184914_jpg.rf.928fb04c1a63a875968cd2e20f461fea.jpg,0,1
20240309_191915_jpg.rf.061df0bcdadd820e5183b212704e9848.jpg,1,0
1710175824006_jpg.rf.73008961e36661dbad3315741929cf67.jpg,0,1
1710175965988_jpg.rf.bdc874a925f26afe2dbc7e9c9225efd1.jpg,1,0
IMG20240307203321_jpg.rf.de1a0515b3553b3b92de40faeb9c1f10.jpg,0,1
IMG-20240303-WA0039_jpg.rf.0d36094b07e82a664368339e8743fec6.jpg,0,1
1710161570092_jpg.rf.c3466e333ad4a2ed44765fa5837a5b60.jpg,0,1
1710175824034_jpg.rf.7292fe45ac5d7315bfca0605ec57781f.jpg,0,1
20240305_192512_jpg.rf.eb4e4e5aaf271a2b2a2f3834166c27bd.jpg,0,1
1710161569594_jpg.rf.d009667ebc46d888ebcb1d803ef668d1.jpg,0,1
IMG-20240303-WA0079_jpg.rf.545b1f0f66d124f2ac3eed188227cfb2.jpg,1,0
1710161569737_jpg.rf.9ffff17e3531c62b8394e83781a21594.jpg,0,1
20240305_193413_jpg.rf.68a6b486b7071d7c9c47283e455ce886.jpg,1,0
night_png.rf.1a382f2af119f648a6d581fc048d33c6.jpg,1,0
IMG_20240301_065332_jpg.rf.7803892ce12bb442347cfeb5332a8999.jpg,1,0
1710175824165_jpg.rf.d8c554b9c59a3be23b342562690225bb.jpg,0,1
1710175823877_jpg.rf.2dcbd232e6473ee079475180e820ee8c.jpg,0,1
20240309_191915_jpg.rf.1c276143f0df87211539db61ab812d86.jpg,1,0
20240305_192512_jpg.rf.dddb849e2cbe522fcefbed63fd36b713.jpg,0,1
1710161570210_jpg.rf.3b8a12184416c75593cd684f60799836.jpg,0,1
20240309_193046_jpg.rf.c5eb1e73674e35ffe996bf0a604dede5.jpg,1,0
1710161570210_jpg.rf.7c8ec7d20486db5ace70839e5883232f.jpg,0,1
1710161569875_jpg.rf.ce1e605945bf466b7f6a8c07870efff6.jpg,0,1
20240305_191236_jpg.rf.5e41a95afd1b933ea5b9818fe8913688.jpg,1,0
20240305_193549_jpg.rf.39e40099bcab25919bc83ad3795d9b6d.jpg,1,0
1710175965977_jpg.rf.353e2b2227afe1fd638f39df5a55179e.jpg,1,0
IMG-20240303-WA0079_jpg.rf.f203e120fdd5931a1e343d98cea3bf7d.jpg,1,0
20240309_192710_jpg.rf.378f01d9b4293969811f051415914691.jpg,1,0
20240305_192316_jpg.rf.c20b3e75baeeb2bcf49f154150e92cbe.jpg,1,0
IMG-20240303-WA0045_jpg.rf.46094a209cc0ade7f07657237e28db96.jpg,0,1
IMG_20240301_065208_jpg.rf.68c2746d1e0ba5cac1c5960c4ea89824.jpg,1,0
20240309_191546_jpg.rf.73be585deb34cc9dc7a87cf44ce855d5.jpg,1,0
20240302_051154_jpg.rf.598c46f6f904c392f0fabc0604e242fe.jpg,1,0
20240305_191048_jpg.rf.d6ab12b42725de61dc3f2402a6be23bc.jpg,1,0
1709693360477_jpg.rf.f062305e924260d7eccf5d3c3767bc60.jpg,0,1
20240309_191711_jpg.rf.efaa556e25dd93d9927aa0666e876f27.jpg,1,0
IMG-20240303-WA0012_jpg.rf.6fb659df68e580f7ac59e639649a1fba.jpg,0,1
1710175823705_jpg.rf.789643206669a537e7ba887d764b7163.jpg,0,1
1710175965977_jpg.rf.7e182f37fb58b326cf39d94f0ece8f21.jpg,1,0
20240309_192710_jpg.rf.1c7eac250c33d077d9787bded2182068.jpg,1,0
WhatsApp-Image-2024-03-05-at-21_24_05_59799d6f_jpg.rf.ac862b6d48d4edd8493e5cbbd8e1ca5b.jpg,1,0
1710175824034_jpg.rf.871b995e1bdbaaa5e269ff2a32af2fda.jpg,0,1
20240309_193958_jpg.rf.87b279ea966f30112e5a19f4c5b05359.jpg,1,0
1710175823915_jpg.rf.565534baca02ec7980565f8035add4c3.jpg,0,1
20240309_191546_jpg.rf.74b1a4a1aee0c2bcf1a4766125a3d6d5.jpg,1,0
20240305_192639_jpg.rf.e9413655b76d4da6adcdb5b80ed7a675.jpg,1,0
WhatsApp-Image-2024-03-05-at-21_24_05_59799d6f_jpg.rf.8c791bbb640cebda34026d305a369ae9.jpg,1,0
IMG-20240303-WA0026_jpg.rf.26dfe5b357bb9388a235b484b5fd1fac.jpg,0,1
1710161569786_jpg.rf.7e884b65a25b28e2696c91f5ced85cfa.jpg,0,1
1710161570303_jpg.rf.23e7678dc729fac175bab1e6159a5321.jpg,0,1
1710161617696_jpg.rf.85e4b4a52ac281ae3f3bfd3564616ad6.jpg,1,0
20240305_193322_jpg.rf.04eaf8b282aa1a1e0a249f29b44b7afe.jpg,1,0
IMG-20240303-WA0039_jpg.rf.92983f90ebfa927a4ba30ab412207f90.jpg,0,1
20240305_193549_jpg.rf.0c13e79a40a724b84c463933f67d5a4d.jpg,1,0
1710175965988_jpg.rf.59f7a3ffb71bd990e79cb86410ed6cb3.jpg,1,0
1710175824192_jpg.rf.325115eb1187c59b19eedf1b6bdc8128.jpg,0,1
IMG_20240229_221747_jpg.rf.27598449bcfdf8979f0e9e9adb5198fa.jpg,1,0
20240305_193322_jpg.rf.b6ab0378b823b10a992d1d5742a137e7.jpg,1,0
IMG-20240303-WA0026_jpg.rf.9726e234165d7d81b5bb3b9c27786c16.jpg,0,1
1710175824006_jpg.rf.ac92e8ee5cb0937309b40be845fe3c62.jpg,0,1
1710161569594_jpg.rf.1620b74acfadd0ac004c3d6f44215830.jpg,0,1
20240305_192722_jpg.rf.04bfa0235ee60f4eae9746374691c2e9.jpg,1,0
IMG_20240301_065332_jpg.rf.09aa41ff53db16716d3b191281f8bc3b.jpg,1,0
IMG-20240303-WA0037_jpg.rf.00d103a1dd1ad06898bc6163681f2cd7.jpg,0,1
20240305_193008_jpg.rf.3151470c1652aca246af7919708f935a.jpg,0,1
IMG-20240306-WA0046_jpg.rf.d66fa17318073f324b627307b5c01fef.jpg,0,1
20240302_051154_jpg.rf.85a608265c685a08f2b36f8911159161.jpg,1,0
IMG_20240229_183012_jpg.rf.2471a95c2bf5ed18776459d6aa9923b0.jpg,1,0
IMG_20240229_183012_jpg.rf.19df0bfb5712c29acc6d1008afe0127f.jpg,1,0
20240305_191048_jpg.rf.16352c92c5b4862a4b595445cc7d07e6.jpg,1,0
IMG_20240301_063926_jpg.rf.e20d70591624f0411587e6143f59229a.jpg,1,0
20240309_193958_jpg.rf.4480153f87a354d95b6676aad0643d72.jpg,1,0
20240305_190241_jpg.rf.ebdf2149c1ad6f01d549d236a0d24da4.jpg,1,0
IMG20240307184349_jpg.rf.ba7bfa9a2ab597386052c3671fd94ea1.jpg,1,0
20240305_193008_jpg.rf.dc559f2d5afb1d0faf4494b96bcce866.jpg,0,1
IMG20240307184612_jpg.rf.4bde0ac2caf1a7d2f082bd136b951133.jpg,1,0
20240309_190955_jpg.rf.fb9dfa95eebcdc5915a9d01ece1de051.jpg,0,1
1710175824207_jpg.rf.e25682c4ed30309d45e479691b289e7b.jpg,0,1
1709693360568_jpg.rf.de98ca0d74d09c0ee631245a47c2923c.jpg,0,1
20240309_190657_jpg.rf.340a7c43bc96120c2dd24c85f690993a.jpg,1,0
20240309_191250_jpg.rf.f106c0084f6b667b9a048b0a1062ef16.jpg,1,0
1710175823818_jpg.rf.32459280e4f037c8c1c28390a4172060.jpg,0,1
1710161569936_jpg.rf.3c097851c92bdd207e43f7f9e119ec6d.jpg,0,1
20240309_190955_jpg.rf.876e8475bc8db1c169764802d0cedc80.jpg,0,1
IMG-20240303-WA0009_jpg.rf.4cc9ca8c1f69cfafcba3fa0bc9395d30.jpg,0,1
IMG-20240303-WA0008_jpg.rf.414c309ef3a1ed6ad82330782056d0e6.jpg,0,1
20240305_193008_jpg.rf.b410edb68ebdf865dd06e16d3af1642b.jpg,0,1
IMG-20240303-WA0026_jpg.rf.a32b1fc38eb37bb3dcb9bda5185afed8.jpg,0,1
20240305_192017_jpg.rf.d06b2141e5161913891af2234ff62787.jpg,0,1
1710175824207_jpg.rf.b10e316551aed07368bc9b08c44daad9.jpg,0,1
20240309_193551_jpg.rf.f7b65f88384e919148b27292d2f47eb6.jpg,1,0
20240305_191601_jpg.rf.df8457f22fcfdc78da708bda4233f8f7.jpg,1,0
1710175965774_jpg.rf.d8b6409513dfe8c3f660c6719b452a53.jpg,1,0
1709693388228_jpg.rf.b16bf96d07a536f9a950a92f5d149f77.jpg,1,0
WhatsApp-Image-2024-03-05-at-21_24_05_59799d6f_jpg.rf.95646a9900f706d175caf7c805c52aed.jpg,1,0
20240305_192453_jpg.rf.80a0e771ae839e7ce0c2ae3fde9169c6.jpg,0,1
IMG-20240228-WA0015_jpg.rf.2b24cedb6e1b17f565e86d2a19ad7de8.jpg,1,0
IMG-20240228-WA0003_jpg.rf.6449d3f304451e8a91a6165b65e30160.jpg,1,1
1710175824165_jpg.rf.a123d779185b1c1afe55da577ec510a7.jpg,0,1
20240309_193551_jpg.rf.6d3d099a3d445742824e6d8009941ca8.jpg,1,0
1710161569875_jpg.rf.062b5bd9212ecc4a35534470415507e3.jpg,0,1
1710175965909_jpg.rf.cc9a66d06ba821bdd4bb90ebe28c98bb.jpg,1,0
IMG-20240303-WA0045_jpg.rf.0f64d47f9cd733d441424e3367e0eab0.jpg,0,1
1709693388235_jpg.rf.a02807a63b886ed7d41b8480582d3b09.jpg,1,0
1709693360451_jpg.rf.bec07131b5f6ad28d7a72ef15675361e.jpg,0,1
20240309_193046_jpg.rf.17e5db3b2ce5c56d86e006d3d44304ed.jpg,1,0
1710175824105_jpg.rf.7857d63972f0ac44be22742ef775a27d.jpg,0,1
20240309_193627_jpg.rf.f75f543b0e356e758dc1170e50d97c98.jpg,1,0
1710161570146_jpg.rf.6d976ae3c5cbd6086fffe6ff85c4ccad.jpg,0,1
1710175823877_jpg.rf.6856ccf87da8aeb48a36dfb04e222cd7.jpg,0,1
IMG-20240303-WA0012_jpg.rf.4fd6fb78b318be3576b7462cb1e68655.jpg,0,1
20240309_193551_jpg.rf.08571cea09313b8b59941950b517f98e.jpg,1,0
20240305_193714_jpg.rf.87fab4162ed2b751ad423f580c5b03f0.jpg,1,0
IMG-20240303-WA0045_jpg.rf.d36545690a46415ee2fce1c78724329c.jpg,0,1
1709693360461_jpg.rf.702885c5613c4476a8877fcaa4c015b9.jpg,0,1
IMG-20240309-WA0038_jpg.rf.860de9ed2224e1b1ced6408ff05b987f.jpg,1,0
20240305_193139_jpg.rf.7fd17d6cc8a3f528f7cd66c11885206c.jpg,1,0
20240309_190725_jpg.rf.795bdc7c94ff66d638e9106259728e3b.jpg,0,1
IMG20240307184914_jpg.rf.b7d48617b29c5e21a056962709b5f591.jpg,0,1
20240305_193916_jpg.rf.99285cc4a056a0d28f72ae3972591188.jpg,0,1
night_png.rf.457887e7fe67b938f9a7e4952675567a.jpg,1,0
1710161569836_jpg.rf.e5eb467a7608e936d94fd4b4f3c2926d.jpg,0,1
20240309_190619_jpg.rf.5377f26da9b59d5c44938c92bc7becef.jpg,0,1
20240305_192316_jpg.rf.efbaadb4339098ef6c19c9e778d30cad.jpg,1,0
1710161569882_jpg.rf.0d6b9f171248d0e38794b821aff87d02.jpg,0,1
1710175823732_jpg.rf.2507bba52f973474f3af15f4d349aadb.jpg,0,1
1710161569836_jpg.rf.baeeb1f4433a5f6f08fb581246a37bce.jpg,0,1
20240309_191705_jpg.rf.c6e863ef87583a41e53ee58d5de903f9.jpg,1,0
20240309_190606_jpg.rf.37f8745e38ae90c1468b77c997973a51.jpg,0,1
1710175965774_jpg.rf.4c4f97a8ccf96156f17bc471321a2e34.jpg,1,0
IMG-20240309-WA0020_jpg.rf.e829a4a388f36ea90323330ed60c4f66.jpg,0,1
1709693360451_jpg.rf.3c957dee9ba10ed050b5eb5f7fca5b35.jpg,0,1
IMG_20240301_065156_jpg.rf.b626d287d09796f20b2af1fb2e8bfae6.jpg,1,0
20240305_191236_jpg.rf.5aa2c5def105428e3c806d7b0049b1df.jpg,1,0
20240305_193139_jpg.rf.dea3f4b6cd324710cfe8c0634778948b.jpg,1,0
IMG-20240303-WA0012_jpg.rf.57b8e8c22be8dd4d9e8962e6fa94af7b.jpg,0,1
IMG20240307184612_jpg.rf.1a796a8e7afd3b291eb6d5ef55869f8f.jpg,1,0
20240309_190734_jpg.rf.94791f8358156543ffe58064a2d26835.jpg,0,1
IMG-20240303-WA0008_jpg.rf.6a4f9884c1cd2fcda7fa15485908f5ae.jpg,0,1
IMG-20240309-WA0020_jpg.rf.874b8495e1687c212d6ae1e094fd1fc6.jpg,0,1
20240309_190552_jpg.rf.1a9490e03b4af60d843b952a9544c331.jpg,0,1
1710175823915_jpg.rf.3d082ac9d048f22b4d2c58e9d7d8639d.jpg,0,1
1710161569786_jpg.rf.290f771e2634365985c3b77c4f05712c.jpg,0,1
IMG-20240303-WA0032_jpg.rf.aa2655844fe90cdeda066e5d440716c6.jpg,0,1
WhatsApp-Image-2024-03-05-at-21_24_07_6c0812f6_jpg.rf.05a06b10838e2e5324133ab3fe039044.jpg,1,1
1710175965909_jpg.rf.0a2085410fd390ac8f85df3544ac167d.jpg,1,0
1710175824192_jpg.rf.48f6850b1766607a8b00c51072963dae.jpg,0,1
20240305_191026_jpg.rf.4065fd0f9801211b8a800102498c1f62.jpg,0,1
20240309_190619_jpg.rf.43b3d2b2431ccd9935033662d1ad1e3a.jpg,0,1
1710161569686_jpg.rf.a26aba209e59c80d507c088fbff90e71.jpg,0,1
20240305_191601_jpg.rf.fb84ca3622687d8e4bc18ace54de4a78.jpg,1,0
IMG-20240228-WA0015_jpg.rf.630a247233b85d0d6e60a4d1508d844b.jpg,1,0
20240309_190955_jpg.rf.d62eaa0d2a7833d0387449cd26c2f54b.jpg,0,1
20240305_192639_jpg.rf.949a6c4b99cf180983f60411c1273c2d.jpg,1,0
20240309_190209_jpg.rf.b7aeaf627c42c4f212880f15ec9491ce.jpg,1,0
1710161570146_jpg.rf.a03750f9a5876da9433aa28845c47f17.jpg,0,1
IMG-20240301-WA0003_jpg.rf.513c5a3885aef6e0b199cccfe30df41c.jpg,1,1
1709693388228_jpg.rf.33419167d0f742df630eb78e865e7bc0.jpg,1,0
1710161569936_jpg.rf.44cb9eab5c02c04ee0dd798dea934aef.jpg,0,1
20240305_190801_jpg.rf.c6720a80e90380de3f15ea51267b28ac.jpg,0,1
1710175823705_jpg.rf.4b11e30e5c2f5fd4b53e146868bc1a0f.jpg,0,1
IMG-20240228-WA0012_jpg.rf.08a7f615ce1ec389058c90db5895fe0a.jpg,1,0
20240305_192453_jpg.rf.de316d1a7e3b4a95a516e3ebc89c698a.jpg,0,1
1710175824165_jpg.rf.875a5af37c9fdf323bdd34e39a3c0b65.jpg,0,1
IMG-20240303-WA0037_jpg.rf.22cc7ab7fb1f26177b34325a50df2d3b.jpg,0,1
1710161569737_jpg.rf.bcb36635f8278f5dd038db8a5cea8b57.jpg,0,1
20240302_040726_jpg.rf.e528f8a7a34aafeded6e9384d96322a5.jpg,0,1
20240305_193714_jpg.rf.03acca5e891bdf7d5062d67df4a3927f.jpg,1,0
1710175824034_jpg.rf.863672858dab5b53880c2db8e5250ed5.jpg,0,1
20240309_191250_jpg.rf.dae0f90e5b3e24fccc37f56f25b5fcd0.jpg,1,0
IMG_20240301_065244_jpg.rf.0fe34b6601934764c0933aa61ae701f8.jpg,1,0
20240309_190725_jpg.rf.eb1830e5b67db07d57160fb4a40277b6.jpg,0,1
IMG_20240301_063926_jpg.rf.5f8a8f6080c1b1ec29a48693294eb189.jpg,1,0
20240309_191711_jpg.rf.c4ee319c806c6a3d79fb45857f46779b.jpg,1,0
20240305_192017_jpg.rf.18e1ccb236dc59d5fd0bd959a5e5dd5d.jpg,0,1
IMG-20240303-WA0009_jpg.rf.b5f07dbe1ac3b055a7e5f0549c05e40c.jpg,0,1
1710161570047_jpg.rf.a567470ee05abef11214c7ddaf6747b9.jpg,0,1
20240302_040726_jpg.rf.e5598f02f5885835e658feabb90c7cb6.jpg,0,1
1710175823818_jpg.rf.4f92d2f2b65d6f7ebe051b50092a56c7.jpg,0,1
IMG_20240301_065208_jpg.rf.ec44af93752687cb5fb9cb1c6dedd555.jpg,1,0
IMG-20240228-WA0012_jpg.rf.7576d0b7147b1f7397988d01ebb065ee.jpg,1,0
1709693388235_jpg.rf.c20ae83bc448f20dd48b30163ab4f04f.jpg,1,0
20240309_193046_jpg.rf.a1dc29bae972f2ad502cf70daaa859e8.jpg,1,0
1710161569875_jpg.rf.e3cee65da9ec2c5688521b05e284e622.jpg,0,1
IMG20240307184914_jpg.rf.d7572ec271c9e97f6cdc707cc748eaf3.jpg,0,1
20240309_191915_jpg.rf.3471a149c6bcff3487b2ce0b5bd8bfd2.jpg,1,0
IMG-20240303-WA0079_jpg.rf.19bad2e5ec71d71469bacafcc5fde1fd.jpg,1,0
20240309_194102_jpg.rf.ea915a33eac64917afa08f5bf3dc61be.jpg,0,1
1710161569882_jpg.rf.fdb945ded6c01d9b0270adff4e7a0e9b.jpg,0,1
1709693360552_jpg.rf.2f4194c284ab4cef2bceb327811ca3b9.jpg,0,1
WhatsApp-Image-2024-03-05-at-21_24_07_6c0812f6_jpg.rf.d05738321e4b227f3f417eb4e7173670.jpg,1,1
20240309_192710_jpg.rf.ea985ae9d654546f7528d38bede58aef.jpg,1,0
1710175823674_jpg.rf.53fe22712bfa2be5cc130628e4058dd4.jpg,0,1
20240309_190552_jpg.rf.0f8ccb72f3e581663b5de9a93122d76b.jpg,0,1
20240305_192512_jpg.rf.8292f88be2161f11ed818f0a9f48bfd8.jpg,0,1
WhatsApp-Image-2024-03-05-at-21_24_33_afc1f914_jpg.rf.5c1ef49a8f6c487dcc7a2acfe406ba02.jpg,1,0
20240309_193627_jpg.rf.c783758afdd67fb67dc63c9c7ee2472f.jpg,1,0
1709693360568_jpg.rf.4871f8eb2740f20a44e96685ec3cd2ff.jpg,0,1
20240305_190241_jpg.rf.4b157096fdde3af7cc82b8386235f4b4.jpg,1,0
1710161570210_jpg.rf.2cc8da80fdcf2bfa03e3dc2d5542e2f9.jpg,0,1
1710161570303_jpg.rf.4c271e3505f7a66cf86bc4d3081a85ae.jpg,0,1
1710175824105_jpg.rf.d4f1654ddaa88d94558ca0633c6ede00.jpg,0,1
IMG20240307203439_jpg.rf.8322167f4dd3c3cb923c6928e5d9db13.jpg,1,0
20240309_191033_jpg.rf.2188010086d501a0e9a391d8b62833fb.jpg,1,0
IMG_20240301_065138_jpg.rf.4534386379fde404755bb21b7622797d.jpg,1,0
1710175965988_jpg.rf.d9c2e2d9aaad5c64f2ea434fca468d65.jpg,1,0
20240309_191546_jpg.rf.534d4ec020f9efe22c1404fdf541aee4.jpg,1,0
IMG_20240229_221747_jpg.rf.e487c3dbc675992b984191248e902fca.jpg,1,0
20240309_193752_jpg.rf.1e6b19a5c957c65fe0bc2a7afebd5814.jpg,0,1
1710161617696_jpg.rf.9e40fce74b049f3d4c2d3fbff33846fc.jpg,1,0
WhatsApp-Image-2024-03-05-at-21_24_01_5e6fba50_jpg.rf.bf80b42dce2dca30b9907a191c5e1298.jpg,1,0
1710175965977_jpg.rf.435adbb624546243f0eed0509a052c08.jpg,1,0
20240305_192316_jpg.rf.0120548dc85cfd95d4f8585464c9cfbe.jpg,1,0
20240309_190657_jpg.rf.9d56fec05ad2a258fc2e27ab724e3817.jpg,1,0
1710175823705_jpg.rf.deab4b61954f47dbee4f88a923d73347.jpg,0,1
IMG-20240303-WA0039_jpg.rf.ced46f80389c5468b57175662d49f909.jpg,0,1
fault-2_jpg.rf.bf7c343fb4a169a697c34997b95edc71.jpg,1,0
1710175824006_jpg.rf.cc4ec5e7198c2f2de61df617ab48040a.jpg,0,1
IMG-20240306-WA0046_jpg.rf.912146945158eaf6c7f92a0fa447023e.jpg,0,1
1709693388235_jpg.rf.a890d637fc20bed685c761d1ae73fa7b.jpg,1,0
IMG-20240301-WA0005_jpg.rf.bbc429a9dfb9d94a1d05a593657c0921.jpg,1,0
20240309_190152_jpg.rf.839c0b2413e0c45ae1a650703ed27988.jpg,0,1
IMG-20240309-WA0038_jpg.rf.47f16f4f08028c9da43d09327a371e32.jpg,1,0
1709693294178_jpg.rf.e10256f374949183bcccba12b637fe33.jpg,1,0
20240309_192437_jpg.rf.542b1b081364aa6c259e09a47e7ab9c1.jpg,1,0
IMG-20240303-WA0029_jpg.rf.7db5abed83a59fb166f8c2972056580b.jpg,0,1
20240305_192722_jpg.rf.54a49ede4f75b5c909f8d3f4912ec2c3.jpg,1,0
IMG20240307184349_jpg.rf.b41295ac30a44dd105396ec79830c06c.jpg,1,0
IMG-20240303-WA0037_jpg.rf.519c8ad8670a01926153b187aae467a4.jpg,0,1
20240309_192443_jpg.rf.6cdc8e530300b478772d4b2c52c5c432.jpg,1,0
night_png.rf.4670669c47aace58b05711ffa4247cee.jpg,1,0
20240309_190734_jpg.rf.f40215c3755db049ce96a146be480590.jpg,0,1
1710175823732_jpg.rf.0fd93d2a52d9feb3f0ef269cf62dc66e.jpg,0,1
1710175966018_jpg.rf.00e36aa58a4e694f01a3cf07dfce5cca.jpg,1,0
IMG-20240303-WA0010_jpg.rf.da0ce536b33ea4973c986803fb0e009c.jpg,0,1
20240309_191705_jpg.rf.2164e70fff87affe710e23900b85d713.jpg,1,0
20240309_191711_jpg.rf.8fcdcc53f419441ae70df24a1031b130.jpg,1,0
1710175823662_jpg.rf.60cb90ae730adf3c3b2752da49c4749e.jpg,0,1
1710175824121_jpg.rf.25205396ef54f40b7f17fdb4b05e8653.jpg,0,1
20240305_191316_jpg.rf.25be44ffb97d9e136f2d70ac2172a5db.jpg,1,0
IMG-20240228-WA0003_jpg.rf.a3a554587555bb5fd38308cea188f1a9.jpg,1,1
20240305_192353_jpg.rf.0fdb4ce76851a36a031b0daf7a40d8f3.jpg,1,0
20240305_192115_jpg.rf.8e1158c737588efe5e3428cc70c5722c.jpg,0,1
20240309_192959_jpg.rf.de9f3f854915924b7b8ce7d9cb22eb8b.jpg,0,1
WhatsApp-Image-2024-03-05-at-21_01_47_5b753577_jpg.rf.71b3b5a401fb3f81e2f668a1b008f9bf.jpg,0,1
20240305_190649_jpg.rf.4e617375a0133ff584300c7f91018f7f.jpg,0,1
20240305_191026_jpg.rf.c68a130da3d8d9712c6dd0e22e599205.jpg,0,1
20240309_191033_jpg.rf.a9c076b18087d3a22eb543d0a49e6055.jpg,1,0
IMG-20240303-WA0075_jpg.rf.79ddb2ae45b5df292bc44a71ce9676b9.jpg,1,0
20240305_191236_jpg.rf.c887a2b7bd9f9c45961c1df38f75a0a1.jpg,1,0
IMG-20240303-WA0078_jpg.rf.37d345bbe1500d34ff2bbd688cf33b68.jpg,1,1
1710175824137_jpg.rf.965f4eedebecbb64c8378306b3c1f1a7.jpg,0,1
20240302_040726_jpg.rf.b95dc77a7854eaff66eb541456e7d993.jpg,0,1
IMG_20240301_065244_jpg.rf.bf02ac51a1d917dc74bd263f77255e98.jpg,1,0
1710161569606_jpg.rf.821c0af022a3fd103161a00d48f6832a.jpg,0,1
20240309_194102_jpg.rf.0efc97690cb42838dd53b6dc3be145a1.jpg,0,1
20240305_191345_jpg.rf.5b7bfd62d2478ac0cdf8ccdf1feaa065.jpg,0,1
IMG-20240228-WA0012_jpg.rf.a64dc39ce36525bd0a18a031c2b7a9df.jpg,1,0
1710161569737_jpg.rf.3ddd88c7ae0760b7fb379ebc66bb1667.jpg,0,1
IMG-20240303-WA0068_jpg.rf.a561ec48a01d677e14b6cf91e2127a4b.jpg,1,0
1709693360461_jpg.rf.0d37e2e6036c8522468e6889ee77b846.jpg,0,1
20240305_190809_jpg.rf.bcfa30800f37fc67fce4b1dd87e94bec.jpg,0,1
20240305_193916_jpg.rf.dff5299a420546cc79d009f1256e6c26.jpg,0,1
20240309_193646_jpg.rf.b8b55478d59d46a22f001d9c4e42de46.jpg,0,1
1710175965774_jpg.rf.1df39d9961eb5cbe502787f86e54196c.jpg,1,0
20240309_192730_jpg.rf.518cb8bc2742034398a2c43670f6fecc.jpg,1,0
20240305_192433_jpg.rf.5cd7524bbdcf61b84630b2fa287571a4.jpg,0,1
20240305_193310_jpg.rf.9ce818923e5d59963c179b9d4764a09a.jpg,1,0
WhatsApp-Image-2024-03-09-at-20_40_33_0b3247b3_jpg.rf.6334b0f0e8e2f45f84a673699306533f.jpg,1,0
20240305_191556_jpg.rf.49a47ff81281c941767e735c0a5bc2d3.jpg,1,0
1710175823877_jpg.rf.5885d8c5926f58f0f6ca3abfde4cf40a.jpg,0,1
1710161569556_jpg.rf.c1e73ba2fa106e93b62cc24f59363d9d.jpg,0,1
1710175965737_jpg.rf.6386e4747ae7c2595e121ac6d0bb867e.jpg,1,0
20240309_192536_jpg.rf.f5ad7d21d2f4bf34ac738e1695272a94.jpg,1,0
IMG-20240303-WA0071_jpg.rf.cc748f5b1ddb561918c60eace8991da4.jpg,1,0
WhatsApp-Image-2024-03-05-at-21_24_33_d57e96a3_jpg.rf.7b5be388e787e55e3155769a64176bff.jpg,1,0
20240305_193924_jpg.rf.72cc924e3316a65c276fb2d9577eacaf.jpg,0,1
20240305_191601_jpg.rf.d5c25f42abdc4dff54b88f80497ae7c6.jpg,1,0
IMG-20240303-WA0074_jpg.rf.7f59a9176891b5ea2bfbee0976772b1f.jpg,1,1
20240305_190040_jpg.rf.51657843cfd2d37c7db32bf3b32007f5.jpg,0,1
20240305_191721_jpg.rf.3350dc7874f45f367a89b06412258655.jpg,1,0
20240305_191409_jpg.rf.9b0acf06ad1e2aac2204c101d334d837.jpg,0,1
IMG_20240301_065156_jpg.rf.fb41ac519fa3648d8750e70bf9b2dbee.jpg,1,0
1709693360461_jpg.rf.a0403dfe4b142bd02c2c3daca3cb76ec.jpg,0,1
20240305_191345_jpg.rf.92d8ec80ac2a461b5ef9ffec3615283b.jpg,0,1
1710161570110_jpg.rf.8b4bcb76f0310f63801455372186832a.jpg,0,1
1709693294390_jpg.rf.c4a375c110477930816885bb9de00188.jpg,1,0
IMG_20240301_065244_jpg.rf.d2d7328c270d1b1838d8333de5291516.jpg,1,0
20240305_190702_jpg.rf.d78313f92cc4d0d26502b43ed4fcdae0.jpg,1,0
1710161569673_jpg.rf.10d1d33977f5836059ef14c25c77c9a7.jpg,0,1
IMG20240307203519_jpg.rf.859ec5eb77f75175aacd0be7bd4e76f5.jpg,1,0
1710161569882_jpg.rf.9893d92adcc839aaa4bb20ab3623d3c8.jpg,0,1
20240309_190725_jpg.rf.c25587ae2ec4c9c796210a608cf3e664.jpg,0,1
1710161569915_jpg.rf.476673e4ebd87bf6c4d3300633a9f627.jpg,0,1
1710161617704_jpg.rf.18e525989012d5fa08b9a95f101c32da.jpg,1,0
IMG20240307184614_jpg.rf.a19b173d375dd1336b3ed9fe7471628a.jpg,1,0
IMG-20240303-WA0080_jpg.rf.7a423663c472bf524f154ef1de3c750f.jpg,1,0
20240305_193916_jpg.rf.2a63bce72e772bf947afe7651f285255.jpg,0,1
20240309_193237_jpg.rf.414945fdf521f9a06d3e4fa9f318ef9b.jpg,1,0
IMG_20240229_183238_jpg.rf.d4108cc1f02e2518511cde2f1029b875.jpg,0,1
1710161569809_jpg.rf.5f91e7ee1863575a622d12285832e650.jpg,0,1
20240305_193535_jpg.rf.a1d8ed22cd7360109ffc259e98c7e246.jpg,1,0
20240309_193614_jpg.rf.e2d94c8d86596dedb267db4334d1c94a.jpg,0,1
20240305_192221_jpg.rf.b5ff10c794c1c585857ca5169cacbdd4.jpg,0,1
20240305_190254_jpg.rf.eaa6f0e7c56a83ac4d4d026ac0a706d1.jpg,1,0
IMG-20240228-WA0003_jpg.rf.1cfad96deb43fd6e14c0e0b1850d586e.jpg,1,1
1710175823732_jpg.rf.b9f19098be157febcf78d9bc8ae4d72b.jpg,0,1
20240305_191026_jpg.rf.a9a000fc0884c786f2f92b6b832b9d5f.jpg,0,1
20240305_191215_jpg.rf.695b14ec24c65f2f151aa3252ecbd54e.jpg,0,1
1710175966029_jpg.rf.8b26a8d3a780fe763fb239f9393a2d3d.jpg,1,0
1710175824310_jpg.rf.bdead875b60b019159ca138f9fc4b7a0.jpg,0,1
IMG_20240301_065309_jpg.rf.c96be89dda7e2efeb2a358d35ec094a3.jpg,1,0
IMG_20240229_221552_jpg.rf.aa2e90a6974941a160ff31d3dbd1a019.jpg,0,1
IMG-20240309-WA0038_jpg.rf.a4fec19463de7efdfcfa036b5197660f.jpg,1,0
1709693360493_jpg.rf.a60a79717416e4e303fc6451e83f2a66.jpg,0,1
WhatsApp-Image-2024-03-05-at-21_24_33_65302b3b_jpg.rf.4c9cfabf3d978253740669625e4d89da.jpg,1,0
20240305_191551_jpg.rf.e758be19fd7dfcd12a82e62ea8a405d3.jpg,1,0
20240309_191705_jpg.rf.01f9de77a68466381a3d6491b6897cd8.jpg,1,0
20240305_191447_jpg.rf.905c28169fb9fd8617ac6b50114c9324.jpg,1,0
20240309_192558_jpg.rf.0e4464fec0f5b7a2a146b997592116bd.jpg,1,0
IMG-20240303-WA0035_jpg.rf.bdfbf9fda0738cb14a686d8dbf9f441b.jpg,0,1
20240309_192048_jpg.rf.b6c12f910bb1bcf3948253d87d99c16e.jpg,0,1
20240305_192935_jpg.rf.4e8c7c2d2b6529dbda4a6be2c0bc388b.jpg,1,0
1710161569867_jpg.rf.df7df0e71882530c040ee810ed6a946e.jpg,0,1
20240305_192124_jpg.rf.ce38d1d6c944da1202ce31b5fb59d8d7.jpg,1,0
IMG20240307185006_01_jpg.rf.2bb1f18752f6233f22c8a96d11626e21.jpg,0,1
fault-1_jpg.rf.e8dfbcef380ea8d0f91c4f869378d97b.jpg,1,0
20240309_192408_jpg.rf.427e18acad0572b4e9234bacbf4a52e1.jpg,1,0
20240309_194102_jpg.rf.e9ccc790a2c3058e2c3f48b831e08a63.jpg,0,1
IMG_20240301_065156_jpg.rf.f0c80415b0665bc41c25a42a1387626e.jpg,1,0
1709693294178_jpg.rf.e95d5dd993998734b49d09e0f4762b01.jpg,1,0
IMG-20240309-WA0020_jpg.rf.2a828732e6ab3c1d42b8502801a750fc.jpg,0,1
20240309_190552_jpg.rf.13daa7b218a2058fc26641e034b7f48d.jpg,0,1
20240305_191401_jpg.rf.5dc9fceb45dd4d09badb9452bf05ac96.jpg,0,1
20240305_191822_jpg.rf.c1072d51fde2f3c1a992daba4637037b.jpg,1,0
IMG20240307185006_01_jpg.rf.cc5ea60cab72078d153662489bc40671.jpg,0,1
20240309_190734_jpg.rf.1614660590c4a682e8ee433025af442d.jpg,0,1
1710175965799_jpg.rf.ca09e384aafcd7430c032397c9e9a0a6.jpg,1,0
WhatsApp-Image-2024-03-05-at-21_23_59_01a0e8fd_jpg.rf.3def9dbf6f82215f4f40d52ad61e9f23.jpg,1,0
20240309_192558_jpg.rf.223276991949b6a21b540d4a13cb3f33.jpg,1,0
20240309_191846_jpg.rf.7150a1c6e0a5db2a0bdee3c44a5abad4.jpg,1,0
20240305_193520_jpg.rf.1539ae8677bb5dc1b912cec77aa98bab.jpg,1,0
IMG_20240301_065950_jpg.rf.c5e9927fd69f1800a97c5db181c82f0d.jpg,1,0
20240305_192611_jpg.rf.6b502364346262f3e2f1588689803590.jpg,1,0
20240309_191033_jpg.rf.6f28088d9f76f9a674f0479c879751c7.jpg,1,0
1710175824310_jpg.rf.a8568c1f557ebeacdb79f1492d2c47d6.jpg,0,1
1709693360543_jpg.rf.b6aba8a8e04a1c2483c7c24323f5907d.jpg,0,1
20240305_191345_jpg.rf.60cba830aa05271486d650f1b1097109.jpg,0,1
1710161569583_jpg.rf.ca9a4007f5b8a0514fb6ffa72423453f.jpg,0,1
1710175823890_jpg.rf.582476282a69e851c0949f6e813e10f9.jpg,0,1
WhatsApp-Image-2024-03-05-at-21_24_07_6c0812f6_jpg.rf.6fe4546bcf54a1f94ef4270c5cb7d2b1.jpg,1,1
20240305_191142_jpg.rf.36839b7d7ad0caf31920f1e4d867adf6.jpg,1,0
20240309_192738_jpg.rf.164798a342aea5fd62aeb6a755b395c4.jpg,1,0
IMG_20240301_065950_jpg.rf.58a1042ac31040ffd9431a975e43317e.jpg,1,0
WhatsApp-Image-2024-03-05-at-21_23_59_01a0e8fd_jpg.rf.f3f33a61059170ed3cd5ce9ffeb90cd1.jpg,1,0
20240309_193423_jpg.rf.6f48d0618e6d0e30bb09d34beacb2908.jpg,1,0
1710161569950_jpg.rf.2622db811b59791ee2ab920d2498b841.jpg,0,1
20240309_192738_jpg.rf.f6334ddb36c01786bbf4ea5233be3d98.jpg,1,0
WhatsApp-Image-2024-03-05-at-21_24_05_b6036d11_jpg.rf.beab06e2959667ffebd4e593f8b59293.jpg,1,0
WhatsApp-Image-2024-03-05-at-21_24_05_b6036d11_jpg.rf.9421e3a91bc0107d8a2e2f4f0789130f.jpg,1,0
1710175824260_jpg.rf.c5d9ddbb71d39ac981b1d105a78b9f02.jpg,0,1
20240305_190415_jpg.rf.15a74a32ab90569d868a6bc03523304c.jpg,0,1
20240309_191720_jpg.rf.762d36704d397d6887fc03b4eadd365b.jpg,1,0
WhatsApp-Image-2024-03-05-at-21_24_33_65302b3b_jpg.rf.c0dca9ae74d4691057de150b7004dbbe.jpg,1,0
20240309_192346_jpg.rf.ee488d3d1ef0f88b9a3661efec0b3ecd.jpg,1,0
20240309_193229_jpg.rf.5a1f2dfcd087cf84be87964d735260c2.jpg,1,0
IMG-20240228-WA0004_jpg.rf.1649f88211184a6e7dbd1f9d667dc373.jpg,1,0
1710161569583_jpg.rf.bea1fc1d64868fa9c475b2034fc7a4d7.jpg,0,1
20240305_191822_jpg.rf.e1d929e20342826b961dd50546c78bf2.jpg,1,0
20240305_192613_jpg.rf.e5e3e230568e711c49af56d9ed96db73.jpg,1,0
1709693294168_jpg.rf.524c7f4893f0ec71926029735ee9b7c9.jpg,1,0
1710161570225_jpg.rf.22c3287ab84b8b9610ffaa1cc162be1b.jpg,0,1
20240309_192515_jpg.rf.27542f047877e1a37539fe40591ac2f7.jpg,1,0
20240305_191428_jpg.rf.aba80fc67882a4e006491db85a2943c0.jpg,0,1
20240309_190410_jpg.rf.6a5c4724015a56a14b7539ef0dca9702.jpg,0,1
1710175965799_jpg.rf.d6aceef64e21566eff9b88bcf5bbea7b.jpg,1,0
20240305_192124_jpg.rf.f70f3443e469b7fe8a32f9cf63704d6b.jpg,1,0
1710175965927_jpg.rf.2a83350ab0f5046b036e627ea86687dc.jpg,1,0
20240309_192048_jpg.rf.f673c55e203e52a6e2a1ebd5f58ecb97.jpg,0,1
1710175965998_jpg.rf.66f470fa2fced8744e2ddd1bb9259cc2.jpg,1,0
1709693360427_jpg.rf.bfe57fe52b058de85fa88b3026cfb7d9.jpg,0,1
1710175823838_jpg.rf.b3b9eb7ab3a70965431589683b677c02.jpg,0,1
1710175823775_jpg.rf.67f2cb8120b6cce849d5be54f4801f14.jpg,0,1
IMG-20240228-WA0009_jpg.rf.714c5861943cfebc5e857209ae6dd3d2.jpg,1,0
1710161570336_jpg.rf.db84078dacf4ef5d3d83d5e14fe5cfa8.jpg,0,1
fault-1_jpg.rf.4c039bb8c75da35ba77461a67bfca4d9.jpg,1,0
20240305_192541_jpg.rf.2ff70c7a27f24377c023c79d7576fb7a.jpg,1,0
20240305_191142_jpg.rf.ccf00487e1b19acfada772cb852a45c1.jpg,1,0
1710161569643_jpg.rf.a16e6f85f9ce6ede6d7f65740504cdf2.jpg,0,1
IMG-20240303-WA0020_jpg.rf.889e09a0c50a1f4b5e264bc39a7c69ba.jpg,0,1
IMG-20240228-WA0009_jpg.rf.0bf3908d58e12afb5926bd7efa0bef9a.jpg,1,0
1710161617716_jpg.rf.6739614095ab221143eb9379984038a4.jpg,1,0
IMG-20240309-WA0040_jpg.rf.282b234ef3fc41ff1bbe6e4794f1c068.jpg,1,0
20240305_191215_jpg.rf.e407a68fd43750a8dc33f5c7a4dedf9b.jpg,0,1
IMG-20240309-WA0040_jpg.rf.25653bd9698210f04462f2577f0fad48.jpg,1,0
WhatsApp-Image-2024-03-05-at-21_24_01_5e6fba50_jpg.rf.b37d03809d843837dff66d1b2b790732.jpg,1,0
1710175966029_jpg.rf.718dfeb972e009cfe6df58ba06b69478.jpg,1,0
20240309_192408_jpg.rf.7ec8fbdc2178579a714a3c9bea70ea8b.jpg,1,0
1710161617704_jpg.rf.c4c6ebbb96012d26d5f84b50e27cc587.jpg,1,0
1710161617716_jpg.rf.0f341407ad7f2e95f72434480a5bc3c1.jpg,1,0
IMG20240307184927_03_jpg.rf.a4d4d91c6d745237e691c975808f2105.jpg,1,0
IMG-20240228-WA0013_jpg.rf.05a05872583f707f275c11e4c44b29d5.jpg,1,0
20240309_191437_jpg.rf.a237dc7402bac8210cd539bd3c430ae7.jpg,0,1
20240309_191702_jpg.rf.9c9791fce96823586b6f81934e325f66.jpg,1,0
20240309_191314_jpg.rf.164ca867c39c645952e175b78aacf80e.jpg,1,0
1710175823941_jpg.rf.a12eccbc5ae3ff9a1b0d13b766b8e698.jpg,0,1
20240305_192308_jpg.rf.34e4938d5160eb26a70a1c9bfe29f61c.jpg,1,0
20240229_184030_jpg.rf.d6ee9d8dd7631bf41746770ec6dc8d08.jpg,0,1
20240309_191113_jpg.rf.88e68ecd2159edf861abfd46ca786608.jpg,1,0
20240305_193122_jpg.rf.df25f892ee94f33b4a24fe9a6dabe10b.jpg,1,0
20240229_184131_jpg.rf.962aa2a49744ccbae7d855e05af5739d.jpg,0,1
1710161569965_jpg.rf.1dc4a7290df5a112c17a0b8fff782700.jpg,0,1
1710161569763_jpg.rf.14f23d511e4c57d46e8262185716ffbc.jpg,1,1
1710175965762_jpg.rf.8eb8a4ba5df8319c42a823fe33f71262.jpg,1,0
IMG-20240228-WA0006_jpg.rf.01d489cc015c6a4d4bc6e7ac785e590a.jpg,1,0
1710161569905_jpg.rf.4b8b7a353eb3d014bb32520b6b58f470.jpg,0,1
20240229_184131_jpg.rf.232ad1c5a24ca736b19acb5848cb4aa4.jpg,0,1
1710161569799_jpg.rf.b7b955f728fe3c6e21f0407a0a470b9d.jpg,1,0
IMG-20240301-WA0004_jpg.rf.153fc705a30219144b0d9718bb41d418.jpg,1,0
IMG-20240228-WA0007_jpg.rf.f0193cef3547feaa49c76c9ca1396c92.jpg,1,0
1710161617729_jpg.rf.5af30a50330468bd3adcbaaf99cd2b6f.jpg,1,0
1710161569965_jpg.rf.849b3d21e3cf892acaee1f3c8ea00c33.jpg,0,1
20240305_192757_jpg.rf.77beda50caf1aeca74ab66215c11dc41.jpg,1,0
IMG_20240301_065507_jpg.rf.cf19fbbdca8127db52389fcba6bb83e5.jpg,1,0
IMG-20240228-WA0013_jpg.rf.63fad7dda27c4e7634f8377754184625.jpg,1,0
IMG_20240229_221617_jpg.rf.ea318e8ba24bc29c39033e20fc44e5e8.jpg,1,0
IMG_20240229_221734_jpg.rf.1a21b0e4dfd6c57194258788d90657dd.jpg,1,0
20240305_192757_jpg.rf.2255a8c54a9b85921fb097a49c70f3eb.jpg,1,0
20240305_192132_jpg.rf.b33bcc91265b5244f5d45fa1e9ee6c2f.jpg,1,0
20240309_193548_jpg.rf.6431ec7a5ba856c2825221b281c07a57.jpg,1,0
20240309_192244_jpg.rf.f3ec299db0a5678a82a3107603404e80.jpg,0,1
IMG-20240228-WA0007_jpg.rf.894018a4bb91abfb36054db62874f45a.jpg,1,0
20240309_190518_jpg.rf.38449b580e929d9033788a67efe7e0a3.jpg,0,1
20240309_192244_jpg.rf.c62bab5bba1e2993992e26732e088098.jpg,0,1
1710175965786_jpg.rf.24237e8fb1ca2f29ced571f1349b3d6a.jpg,1,0
20240305_192308_jpg.rf.d10bf985d89220057464a9cbe33f9423.jpg,1,0
20240309_192057_jpg.rf.913741f5049043aa9f8baaf5c6f5813b.jpg,1,0
IMG-20240303-WA0016_jpg.rf.545101c48bf1eb824bd8ca2a7d851ce8.jpg,0,1
1709693360596_jpg.rf.bdb265f3a7d6ce2133714177853c754d.jpg,0,1
20240309_190943_jpg.rf.778b36df1e247fbb3a43a20f84eb513e.jpg,1,0
1709693388265_jpg.rf.1e08db016d095b79fa7d429a39b46d1c.jpg,1,0
1710161569852_jpg.rf.b3e07f3d20b7827aacd6baee7edaa0e5.jpg,0,1
1709693360484_jpg.rf.f99cc49319a81d971bdfe589f0b19609.jpg,0,1
1710161569905_jpg.rf.61215ae06bf19e76f7ca4121ff828f73.jpg,0,1
20240305_192729_jpg.rf.6dae31a8f1e98d31cc5dbcbe5777a180.jpg,0,1
20240305_191903_jpg.rf.fa37bb5f7012ed5dbe7385db6c0df8db.jpg,0,1
1710161570063_jpg.rf.fc4e4b78718f554a28cb9e09a2677b3e.jpg,1,1
IMG_20240301_065507_jpg.rf.8b00a681e66a566f4a8206f9b555c618.jpg,1,0
20240309_192057_jpg.rf.97e04ad3cf594036d43fc5b35b9ed883.jpg,1,0
20240305_160610_jpg.rf.a853d2b85fe894bb9c7e53080440cbbb.jpg,0,1
IMG-20240228-WA0006_jpg.rf.0f7a1bf44393544873d1f4403e501d1c.jpg,1,0
1709693360420_jpg.rf.82d18064a8efb7b00c8041c7fba030c4.jpg,0,1
1710161570352_jpg.rf.d45bf573161718793292af92f82e7dea.jpg,0,1
1710175965828_jpg.rf.b5ce4fce5d40234614a189eeb71685c7.jpg,1,0
20240305_190944_jpg.rf.8487c54b373578eb5bb2f792fea3315e.jpg,1,0
20240309_193412_jpg.rf.2cf2f6e6861f6e12dae54f7d43d5fcf9.jpg,1,0
20240305_190357_jpg.rf.11ba40b5c6dc1bc00fdc69b2fa8c51d5.jpg,1,0
1709693294364_jpg.rf.7c57c1b2b4aa04abd37e0c9582ab0971.jpg,1,0
20240305_191243_jpg.rf.64d34e569fa42f2ae5a555d9efaa21aa.jpg,1,0
WhatsApp-Image-2024-03-05-at-21_24_06_d1b41312_jpg.rf.44ee0dd1bb5f0c0c2a2b8e16d2621a90.jpg,1,0
1710161617737_jpg.rf.7731266b77e3d3a8578d4b13e3d8e48f.jpg,1,0
1710175823761_jpg.rf.d5e1c69cd98b77de9217b4ee106f41fe.jpg,0,1
20240305_190741_jpg.rf.9f11ee53e6c857f3497da800d2fff771.jpg,0,1
20240305_191513_jpg.rf.f586577d82de94a7508f8094eed52803.jpg,0,1
IMG-20240309-WA0017_jpg.rf.03b3556df811b3a4c32e68cf9b0b2ba1.jpg,0,1
IMG-20240303-WA0023_jpg.rf.d69fcaa88a7c73a34c231bba439134f8.jpg,0,1
20240305_190357_jpg.rf.0b4108a95d06d28277751c1b6818ebbc.jpg,1,0
20240309_190511_jpg.rf.a12d3b8f7856f9dcb1e2075c9a0e49ba.jpg,0,1
20240305_193708_jpg.rf.38778a89dbea9e52c2c4fb97720b0a31.jpg,1,0
20240305_193122_jpg.rf.362fd46921eb149d3003548e7573917f.jpg,1,0
20240305_192729_jpg.rf.7eb0d569759a7cd866c4c344e668f1a2.jpg,0,1
20240309_190703_jpg.rf.42d66c885abb6178c598078fdc36a9e9.jpg,1,0
20240309_194034_jpg.rf.361d6392f05dc2ad0f295b516839829e.jpg,0,1
IMG-20240306-WA0040_jpg.rf.eae2df50e0378ae8a23235faba8cb081.jpg,0,1
1709693360561_jpg.rf.2fc1514d4eb47e6b636a7c3216b7043f.jpg,0,1
IMG20240307203446_jpg.rf.e03ee63b14d8853cc5f7139b93d0369a.jpg,1,0
1710161570193_jpg.rf.ba631d5c22732cde644ea8013696d363.jpg,1,1
20240309_190528_jpg.rf.510b0f17464f03c47e579482b3edd484.jpg,0,1
20240309_193126_jpg.rf.88cdf984e04d348df7308bebcfc05191.jpg,1,0
IMG_20240301_065153_jpg.rf.52aebedc41243ab9025e22329b9268f5.jpg,1,0
20240309_190815_jpg.rf.b55905be44594b9fbda6f70ef9c7295d.jpg,1,0
20240305_191101_jpg.rf.d3626dd977238b6e29053ebd95a76972.jpg,0,1
1710175824179_jpg.rf.d11bc1df7923ff931269ec315844545d.jpg,0,1
20240305_192957_jpg.rf.52d0125ce2376faaa28035fe0334f3c1.jpg,0,1
WhatsApp-Image-2024-03-03-at-22_57_07_23f76bd5_jpg.rf.112859b09aa9ee520b3c8d5485292c59.jpg,1,1
20240309_192750_jpg.rf.0250e3557ab25a6cce3abf475825eaf8.jpg,1,0
20240305_192655_jpg.rf.c32b0c1bd8faf6b59da7c6765792e1b9.jpg,1,0
20240305_190911_jpg.rf.cc693d2ee440cc12b25d9f240e7f8b70.jpg,1,0
20240305_192037_jpg.rf.1ceeec3de4e4e5e5537c7f351bbddf6e.jpg,0,1
1710175965862_jpg.rf.638dfcdde743e61de693071f7513c167.jpg,1,0
1710161570162_jpg.rf.4d293a6c072565c870b02df263f933f3.jpg,0,1
1710175966034_jpg.rf.0dc9238f4478034583451ddff7db96b6.jpg,1,0
IMG-20240306-WA0037_jpg.rf.a0c59f8060d0bf0b89000b4dfbdf5918.jpg,0,1
IMG-20240303-WA0070_jpg.rf.5adaf3d3b21b3777761eff3f7ef5e26a.jpg,1,0
20240309_190842_jpg.rf.2f5e0a0d702f99d3b3c82814336bed23.jpg,0,1
1710161569779_jpg.rf.b74a1d6699c35bb7937103e4b9608461.jpg,0,1
20240305_192236_jpg.rf.cc7f59c619f6722e250638eddb12497e.jpg,0,1
20240309_191156_jpg.rf.8bc5660107fa26a2e905d65c8568c2c3.jpg,1,0
IMG20240307184611_jpg.rf.d485474ad0ccf6540d4a62331aecec50.jpg,1,0
20240305_191641_jpg.rf.47e77856d82581e8618c09e0f15477ba.jpg,1,0
1710161569657_jpg.rf.021757ea347cf7807ab90e5dc2a4913b.jpg,0,1
WhatsApp-Image-2024-03-06-at-19_21_03_b424bd02_jpg.rf.a91cb32206c9afb06128ee4fcb19be75.jpg,1,0
IMG20240307184613_jpg.rf.c3df6a687f718f76c47923c511acd85e.jpg,1,0
IMG-20240228-WA0005_jpg.rf.109ab3becc2c3ec6d1a20f407b20010c.jpg,1,0
20240305_191715_jpg.rf.b2c7ed6dfc6f7499aff64961853584b3.jpg,1,0
1710175824079_jpg.rf.3815d859ceb9fee066b1c213f51d1f90.jpg,0,1
20240309_193020_jpg.rf.8b1eb2728d8a288b5ae3b5eaaf6ef33e.jpg,0,1
IMG_20240301_065537_jpg.rf.0ecd4dea61f612f21348f106ad4ddae5.jpg,1,0
IMG20240307184613_jpg.rf.cf560f424fa1d80f2764e81f9703315b.jpg,1,0
20240305_190823_jpg.rf.7311bce97bfb3e210cb2df7c227f9809.jpg,1,0
20240309_190703_jpg.rf.b4c94b37db9d3271b906764b046136b4.jpg,1,0
WhatsApp-Image-2024-03-05-at-21_24_00_5220789e_jpg.rf.604864a6ef0b4bb51bf1c53f5c1f92c5.jpg,1,1
20240305_193122_jpg.rf.6e0632da358cb950c9de585acac40eaa.jpg,1,0
20240305_190944_jpg.rf.9a28d6a74bf752fe1f8f9b48ba7ee113.jpg,1,0
IMG_20240229_221640_jpg.rf.6ebbccf09c91a537c2aad048f2a52770.jpg,1,1
IMG_20240301_065153_jpg.rf.929c8d913e39aa49fa79e0c37e8245e3.jpg,1,0
IMG20240307184833_jpg.rf.4b9ed614b8ec6e337f578619cd85b55d.jpg,0,1
1710175823648_jpg.rf.73bcf4c7187d35f0125e36ff1eb966aa.jpg,0,1
20240309_192022_jpg.rf.ee28624892766b2f0680c6c5ca5330fd.jpg,1,0
20240309_193146_jpg.rf.d4a3558f7914f08bd3b9d936af31a88b.jpg,1,0
IMG-20240303-WA0030_jpg.rf.e077ba9e2f7d1289bd1f7752bb75a81c.jpg,0,1
20240309_193759_jpg.rf.fff231684a88bfded65f4e75031568af.jpg,1,0
1710161617711_jpg.rf.fdd862db2e738b2b389252a780e095a7.jpg,1,0
IMG-20240228-WA0016_jpg.rf.d8942ec6032de1d1112850b53e5d70e4.jpg,1,0
1710175965876_jpg.rf.677e19d95e5694cc2f2b8d6f4843dcdd.jpg,1,0
1710161569628_jpg.rf.3735d312902cd29b8e36bd34fd886ca5.jpg,0,1
20240305_193858_jpg.rf.2db13cc93737dad4e833900afd1a05a2.jpg,1,0
20240305_193350_jpg.rf.76acfddd33fa12d50753e755c7f76654.jpg,0,1
1710161569562_jpg.rf.691485d98431f120444c4c5fa68e7734.jpg,0,1
20240309_190842_jpg.rf.47ce2e5d791f88cd56cbf8a6eee1657a.jpg,0,1
20240305_190902_jpg.rf.a313efeaaf77779766eb651dd0e638ab.jpg,1,0
IMG_20240301_065548_jpg.rf.7875ba7adb187276872c9b38326247b2.jpg,1,0
20240309_192945_jpg.rf.f700670c6b923c7a3eb66b075145ee7e.jpg,1,0
1710161570162_jpg.rf.1f9de7840854f6aec4e47791f67f83aa.jpg,0,1
IMG-20240303-WA0030_jpg.rf.4b47b86af44bf78a48c4df81e60be17d.jpg,0,1
20240305_192413_jpg.rf.b822ed0a6bf5abbe6c119c620f4470b5.jpg,0,1
20240309_192945_jpg.rf.f68699e33112b50b5f55b605dd4d5125.jpg,1,0
1710161569980_jpg.rf.cd988a7ab1e2c74be0a6cb388fb566e6.jpg,0,1
20240309_192856_jpg.rf.a9788cf72e4cf2bf7395929b310041d2.jpg,1,0
20240309_193111_jpg.rf.991fccbc94f856890d9296ee091b0c77.jpg,1,0
WhatsApp-Image-2024-03-05-at-21_24_00_5220789e_jpg.rf.ad51c440f9bcd81126502be4b40c3102.jpg,1,1
1710175966034_jpg.rf.5d39fb100fbdc19f24fac33a5e3779ee.jpg,1,0
IMG_20240229_221640_jpg.rf.0339015c5dc119e9bf42520859101585.jpg,1,1
20240305_190518_jpg.rf.34fdbd57f5e55340209a879fa3fedc05.jpg,1,0
20240305_192037_jpg.rf.269c153018f400ba07caf921cc62cc7f.jpg,0,1
WhatsApp-Image-2024-03-03-at-22_57_07_23f76bd5_jpg.rf.55ee2255f4cae5c516030eab1a4dc84c.jpg,1,1
20240305_191518_jpg.rf.be7afeb0929b983ce2670b0626e5e265.jpg,0,1
20240305_192744_jpg.rf.429295a56f6fc9dd6db80bd09fc5dc57.jpg,1,0
20240305_192413_jpg.rf.6d009d35e95dcd273f33e72422ddc73e.jpg,0,1
1710175824079_jpg.rf.b0ac4f77bc631597da005e602c08837a.jpg,0,1
1710161569562_jpg.rf.0db4b2e76b65f4f15993bd229227d80c.jpg,0,1
WhatsApp-Image-2024-03-09-at-19_40_49_4cf65645_jpg.rf.6b110efe3fc9dbe7447ef548208a1b5a.jpg,1,0
20240309_190130_jpg.rf.a2e9ff969b4b89c3ebe69eea7787d77e.jpg,0,1
IMG-20240306-WA0037_jpg.rf.5f27d52d1b255679d3f0089511743d29.jpg,0,1
20240305_190518_jpg.rf.28bb909375529c1360c4c9e6a7d5f163.jpg,1,0
20240229_184035_jpg.rf.2261ef1d4b89649481d85591e2af08e3.jpg,0,1
1710161569657_jpg.rf.5f6ca6f03be39ec30bf77e334c010f2d.jpg,0,1
WhatsApp-Image-2024-03-06-at-19_21_03_b424bd02_jpg.rf.9796d53239188aae6c3f9b50e6a04e68.jpg,1,0
1710161569980_jpg.rf.1fa8ab46b55fda22f9a72affb5afed9f.jpg,0,1
20240305_192236_jpg.rf.7e1d566be598a26bb940dfebdf7d0c15.jpg,0,1
20240309_194034_jpg.rf.ba5a3bc0d5676de437557bc52305e1cd.jpg,0,1
1710161569980_jpg.rf.11207e7dbb89384f84f923be8757f6c8.jpg,0,1
1710161569822_jpg.rf.74e309eb28d1e4ffd6a9c3371c8ede87.jpg,0,1
1710175823853_jpg.rf.816e4080eaf103d97f20920cb116f4b9.jpg,0,1
20240305_192655_jpg.rf.01a15a6e04b5670ead6a95eef1a6eea8.jpg,1,0
IMG20240307203445_jpg.rf.36b25563e15e35ee141afacdeeffde84.jpg,1,0
IMG20240307203445_jpg.rf.56cfb9330d4380f61db2f4c82206bbc4.jpg,1,0
1710161617711_jpg.rf.289701a226404ab6b17a17c0db770dd5.jpg,1,0
20240309_190751_jpg.rf.9a1a9cbef535a3230995781953dafaa4.jpg,1,0
20240309_190751_jpg.rf.a1d8da0ae6be0b518599129005fdd44c.jpg,1,0
IMG20240307184611_jpg.rf.9edeacceac2381c28cf0236a852cab18.jpg,1,0
1710175823853_jpg.rf.257046b6e8487657b39b7192350bed7b.jpg,0,1
20240229_184035_jpg.rf.36e9971a70cbdd68487bcd74caa10e14.jpg,0,1
IMG20240307184833_jpg.rf.2354981d6089b91b5e623a4f00648c46.jpg,0,1
20240305_191715_jpg.rf.d237b8df6e70f875157c3201561b44db.jpg,1,0
IMG20240307203446_jpg.rf.16956cf71004eaff3a496a09b8fc5b08.jpg,1,0
1710161569562_jpg.rf.67b1193d5e9ac6f7b3676fbc92c0094d.jpg,0,1
IMG_20240301_065548_jpg.rf.e667b065df47479f29db9fdb9596d08a.jpg,1,0
1709693360561_jpg.rf.51807f77b1ad7c3963d3631aae6cd117.jpg,0,1
20240305_192957_jpg.rf.29b44d3064300e15e5e6102424fc1fc1.jpg,0,1
IMG_20240301_065537_jpg.rf.0759a16852d7d284b62551bfc425f3a9.jpg,1,0
20240309_192022_jpg.rf.62cec79e5d8c694fef8c163e6ea5c7d1.jpg,1,0
20240305_192744_jpg.rf.11198c12f623eac46404f036b9852aab.jpg,1,0
1710161569628_jpg.rf.26dd629d5fe8139c95fe5c9139822af2.jpg,0,1
20240309_190751_jpg.rf.8d0e424c11e9495e3e7b54365a560b64.jpg,1,0
20240305_192413_jpg.rf.6704dbe850536e0a766ff221bdcf4977.jpg,0,1
20240305_191518_jpg.rf.36af03a086ea05a009fd9e5e7d4eafa3.jpg,0,1
1710175823853_jpg.rf.b27fe60b0f092680ffe046cea41981a0.jpg,0,1
20240305_190902_jpg.rf.4157b62af56ad73c37f42207140dd997.jpg,1,0
1710175824328_jpg.rf.2d208d3027046e13583ff0de623c1a78.jpg,0,1
1710161569822_jpg.rf.63bf67575c88897b6d72ceccbb004a52.jpg,0,1
20240309_193111_jpg.rf.63125f66bbb3660de40800b869fba084.jpg,1,0
20240305_190741_jpg.rf.b65d10b3a8787eac4cf640763d0639d8.jpg,0,1
IMG_20240229_221640_jpg.rf.5c1586b1e9028a4b1c33dcb4d164bb70.jpg,1,1
IMG20240307203445_jpg.rf.154db6cfcf828f2624baef5c71e54bff.jpg,1,0
20240309_194034_jpg.rf.6c17548ba7d475db2d50575df88b02cb.jpg,0,1
20240309_190130_jpg.rf.c9221b5af70d45c9273a139ee7264581.jpg,0,1
1710175824276_jpg.rf.0d698cfa6a60dbd85412d2f27611b98b.jpg,0,1
IMG-20240303-WA0067_jpg.rf.a4c7453b003a9bc1b5080dd8e4638345.jpg,1,0
20240309_190703_jpg.rf.cbb3774f49db784276a7d38b02e17125.jpg,1,0
1710175823648_jpg.rf.8b01e326250b2cc738177d60d9a6450a.jpg,0,1
1709693294383_jpg.rf.312248cdd9d042a44ba25100588c4693.jpg,1,0
20240305_191101_jpg.rf.b7dda5e5174a96f33c91bb2a74a20135.jpg,0,1
1710175824179_jpg.rf.320996f547410af4f394d9b19e020b7a.jpg,0,1
1710161569628_jpg.rf.784e4eaf52489a03bfb9bf6c87ca0188.jpg,0,1
20240305_190902_jpg.rf.70f06cf5337cf159e2c4e9f9bb5b36f0.jpg,1,0
IMG-20240306-WA0040_jpg.rf.04b7be570af4bd7b34f18a239bd631f1.jpg,0,1
IMG20240307184833_jpg.rf.295141f1a83c2022b3e1b99868d51b23.jpg,0,1
IMG_20240301_065537_jpg.rf.16e080f49074cc4eaf571453b470be6a.jpg,1,0
IMG_20240301_065153_jpg.rf.769739d34ed30cc8a004441cb6443a2f.jpg,1,0
20240309_193146_jpg.rf.5155ed622100518d56efff7cc2cc9a06.jpg,1,0
IMG-20240228-WA0016_jpg.rf.4d00b5ee86e4ee951f7d9c57d195b2b3.jpg,1,0
20240309_192523_jpg.rf.7aa8ea2b3c4feb715fdfee40bd4029f3.jpg,1,0
20240305_190911_jpg.rf.1ef585cb17f20ef1ce7036c7af3be304.jpg,1,0
20240309_193126_jpg.rf.65e9bdc56c11ac2f9be2ed04b5ef8305.jpg,1,0
20240302_040728_jpg.rf.bc48a2c607b6f0522ab97c3b473ccbb0.jpg,0,1
1710175965828_jpg.rf.c2f04435a740d592b497a87eb6e3e6af.jpg,1,0
1710175965876_jpg.rf.ede0d576ae14e537e3fa741b69f41d5c.jpg,1,0
WhatsApp-Image-2024-03-09-at-19_40_49_4cf65645_jpg.rf.ce15a2c8fac98fb654a39b61efb63a4b.jpg,1,0
1710175824328_jpg.rf.fe32934f50f48b27a665d1c75b5de624.jpg,0,1
20240305_192744_jpg.rf.0fe059b8c3892a1e041d5271d7e39054.jpg,1,0
IMG-20240306-WA0040_jpg.rf.4e87e9aa88aea2c2932c1830f3cdd0be.jpg,0,1
IMG_20240301_065548_jpg.rf.382c8e6fffcd971ffccb0b94099ff51e.jpg,1,0
WhatsApp-Image-2024-03-06-at-19_21_03_b424bd02_jpg.rf.3c9dfb6c10354c6813a8971f286abe60.jpg,1,0
20240309_192856_jpg.rf.4b1f602515c5c103b4eb95bb6e94ebca.jpg,1,0
1710175824276_jpg.rf.abfeb603f715a662a70c5d56299aa3bb.jpg,0,1
IMG-20240309-WA0037_jpg.rf.29335da768b97e9410b6a75def01ef85.jpg,1,0
1709693294383_jpg.rf.d049958d50774874564d8d1efaf3532b.jpg,1,0
20240302_040728_jpg.rf.9215eb727e8583e9077a956ae4857ea8.jpg,0,1
20240309_192045_jpg.rf.629e0f2607c8a00cb392e6c87a61caca.jpg,0,1
1710175824079_jpg.rf.e9025e6296ab7f706f56f0e285c26cfc.jpg,0,1
20240305_192831_jpg.rf.09a94ee4c84146848e3839570468cf16.jpg,1,0
IMG-20240228-WA0016_jpg.rf.96f2f2c0a13d9d01f8e34c71b7c734eb.jpg,1,0
1710161617711_jpg.rf.c20ba3e0cdaa4012c727170c80ae5f9a.jpg,1,0
20240309_192356_jpg.rf.d43a616b2b9cc71293c4fa6bdfb00fc3.jpg,1,0
20240305_193559_jpg.rf.e4a5ab5c586c04cc2331ebd0bb3d66fc.jpg,0,1
20240305_192831_jpg.rf.773b492edd560046840a5869acae2ea5.jpg,1,0
WhatsApp-Image-2024-03-05-at-21_24_10_1b0de8f2_jpg.rf.a7ff03f4e8928fa8c5aa4de240406258.jpg,1,0
1710161569822_jpg.rf.741e90bb73c2fbd8edebbb390fec194d.jpg,0,1
IMG-20240303-WA0067_jpg.rf.0cc60bf5057daaf189f89dd880aa815a.jpg,1,0
20240309_190130_jpg.rf.b9858f6c66d6e519e7a01f7fc4f5a147.jpg,0,1
IMG-20240303-WA0019_jpg.rf.c20897e24a8835e1853965eef7ecf356.jpg,0,1
20240305_193559_jpg.rf.b5d688bbec391ba53037ecd6aed2b9a1.jpg,0,1
20240305_191518_jpg.rf.955f2ac40a52f229fd7eb6f163ad2cba.jpg,0,1
20240305_193858_jpg.rf.f80ec5e70cb755450ae54ac58c9f95a9.jpg,1,0
IMG-20240303-WA0014_jpg.rf.07533d32af2656d1baf3594828957f84.jpg,0,1
IMG-20240303-WA0019_jpg.rf.b48d5cb55b71325f8041d66ee56acb64.jpg,0,1
20240309_193759_jpg.rf.9f0574b974265d3bc09110630532506f.jpg,1,0
20240229_184035_jpg.rf.bed8e834f0003095411394fc5e372acd.jpg,0,1
1709693294383_jpg.rf.6a7e7a69894345756d4df902a1935378.jpg,1,0
20240309_193111_jpg.rf.db0a2d10bb1d8c4488bf09534f0242ed.jpg,1,0